layer,geoid,topic,stratification,period,value,type
State,WI,FVDEWVAR,,2023-2024,84488,Statewide-Removal
State,WI,FVDEWVAR,A,2023-2024,793,Statewide-Removal
State,WI,FVDEWVAR,B,2023-2024,34766,Statewide-Removal
State,WI,FVDEWVAR,ECO1,2023-2024,66610,Statewide-Removal
State,WI,FVDEWVAR,EL1,2023-2024,4915,Statewide-Removal
State,WI,FVDEWVAR,ENG3,2023-2024,79169,Statewide-Removal
State,WI,FVDEWVAR,FEM3,2023-2024,28451,Statewide-Removal
State,WI,FVDEWVAR,H,2023-2024,13642,Statewide-Removal
State,WI,FVDEWVAR,K41,2023-2024,376,Statewide-Removal
State,WI,FVDEWVAR,KIN2,2023-2024,2178,Statewide-Removal
State,WI,FVDEWVAR,MAL15,2023-2024,55625,Statewide-Removal
State,WI,FVDEWVAR,MIG1,2023-2024,21,Statewide-Removal
State,WI,FVDEWVAR,NON10,2023-2024,23,Statewide-Removal
State,WI,FVDEWVAR,NOT3,2023-2024,17486,Statewide-Removal
State,WI,FVDEWVAR,NOT4,2023-2024,84083,Statewide-Removal
State,WI,FVDEWVAR,P,2023-2024,1270,Statewide-Removal
State,WI,FVDEWVAR,P1,2023-2024,59,Statewide-Removal
State,WI,FVDEWVAR,PK1,2023-2024,2,Statewide-Removal
State,WI,FVDEWVAR,Q,2023-2024,7386,Statewide-Removal
State,WI,FVDEWVAR,SWD1,2023-2024,29447,Statewide-Removal
State,WI,FVDEWVAR,SWO1,2023-2024,55041,Statewide-Removal
State,WI,FVDEWVAR,UNK3,2023-2024,392,Statewide-Removal
State,WI,FVDEWVAR,UNK4,2023-2024,404,Statewide-Removal
State,WI,FVDEWVAR,UNK5,2023-2024,393,Statewide-Removal
State,WI,FVDEWVAR,UNK7,2023-2024,389,Statewide-Removal
State,WI,FVDEWVAR,UNK8,2023-2024,384,Statewide-Removal
State,WI,FVDEWVAR,UNK9,2023-2024,384,Statewide-Removal
State,WI,FVDEWVAR,W,2023-2024,26179,Statewide-Removal
State,WI,FVDEWVAR,X1012,2023-2024,9548,Statewide-Removal
State,WI,FVDEWVAR,X113,2023-2024,6135,Statewide-Removal
State,WI,FVDEWVAR,X1210,2023-2024,2940,Statewide-Removal
State,WI,FVDEWVAR,X1S2,2023-2024,2631,Statewide-Removal
State,WI,FVDEWVAR,X2N2,2023-2024,2946,Statewide-Removal
State,WI,FVDEWVAR,X3R2,2023-2024,2942,Statewide-Removal
State,WI,FVDEWVAR,X4T2,2023-2024,3388,Statewide-Removal
State,WI,FVDEWVAR,X5T3,2023-2024,4357,Statewide-Removal
State,WI,FVDEWVAR,X6T3,2023-2024,9686,Statewide-Removal
State,WI,FVDEWVAR,X7T2,2023-2024,11405,Statewide-Removal
State,WI,FVDEWVAR,X8T2,2023-2024,12053,Statewide-Removal
State,WI,FVDEWVAR,X9T3,2023-2024,13517,Statewide-Removal
Region,fox-valley,FVDEWVAR,,2023-2024,4164,Tricounty-Removal
Region,fox-valley,FVDEWVAR,A,2023-2024,54,Tricounty-Removal
Region,fox-valley,FVDEWVAR,B,2023-2024,530,Tricounty-Removal
Region,fox-valley,FVDEWVAR,ECO1,2023-2024,3038,Tricounty-Removal
Region,fox-valley,FVDEWVAR,EL1,2023-2024,185,Tricounty-Removal
Region,fox-valley,FVDEWVAR,ENG3,2023-2024,3551,Tricounty-Removal
Region,fox-valley,FVDEWVAR,FEM3,2023-2024,1203,Tricounty-Removal
Region,fox-valley,FVDEWVAR,H,2023-2024,496,Tricounty-Removal
Region,fox-valley,FVDEWVAR,K41,2023-2024,8,Tricounty-Removal
Region,fox-valley,FVDEWVAR,KIN2,2023-2024,160,Tricounty-Removal
Region,fox-valley,FVDEWVAR,MAL15,2023-2024,2770,Tricounty-Removal
Region,fox-valley,FVDEWVAR,NOT3,2023-2024,1125,Tricounty-Removal
Region,fox-valley,FVDEWVAR,NOT4,2023-2024,4164,Tricounty-Removal
Region,fox-valley,FVDEWVAR,P,2023-2024,29,Tricounty-Removal
Region,fox-valley,FVDEWVAR,Q,2023-2024,560,Tricounty-Removal
Region,fox-valley,FVDEWVAR,SWD1,2023-2024,1864,Tricounty-Removal
Region,fox-valley,FVDEWVAR,SWO1,2023-2024,2290,Tricounty-Removal
Region,fox-valley,FVDEWVAR,UNK3,2023-2024,1,Tricounty-Removal
Region,fox-valley,FVDEWVAR,UNK4,2023-2024,428,Tricounty-Removal
Region,fox-valley,FVDEWVAR,UNK5,2023-2024,193,Tricounty-Removal
Region,fox-valley,FVDEWVAR,UNK6,2023-2024,10,Tricounty-Removal
Region,fox-valley,FVDEWVAR,UNK7,2023-2024,191,Tricounty-Removal
Region,fox-valley,FVDEWVAR,UNK8,2023-2024,12,Tricounty-Removal
Region,fox-valley,FVDEWVAR,W,2023-2024,2302,Tricounty-Removal
Region,fox-valley,FVDEWVAR,X1012,2023-2024,437,Tricounty-Removal
Region,fox-valley,FVDEWVAR,X113,2023-2024,312,Tricounty-Removal
Region,fox-valley,FVDEWVAR,X1210,2023-2024,168,Tricounty-Removal
Region,fox-valley,FVDEWVAR,X1S2,2023-2024,212,Tricounty-Removal
Region,fox-valley,FVDEWVAR,X2N2,2023-2024,174,Tricounty-Removal
Region,fox-valley,FVDEWVAR,X3R2,2023-2024,166,Tricounty-Removal
Region,fox-valley,FVDEWVAR,X4T2,2023-2024,192,Tricounty-Removal
Region,fox-valley,FVDEWVAR,X5T3,2023-2024,255,Tricounty-Removal
Region,fox-valley,FVDEWVAR,X6T3,2023-2024,408,Tricounty-Removal
Region,fox-valley,FVDEWVAR,X7T2,2023-2024,543,Tricounty-Removal
Region,fox-valley,FVDEWVAR,X8T2,2023-2024,632,Tricounty-Removal
Region,fox-valley,FVDEWVAR,X9T3,2023-2024,485,Tricounty-Removal
County,55087,FDEWVAR,,2023-2024,1749,County-Removal
County,55015,FDEWVAR,,2023-2024,55,County-Removal
County,55139,FDEWVAR,,2023-2024,2360,County-Removal
County,55087,FDEWVAR,A,2023-2024,31,County-Removal
County,55139,FDEWVAR,A,2023-2024,23,County-Removal
County,55087,FDEWVAR,B,2023-2024,137,County-Removal
County,55139,FDEWVAR,B,2023-2024,393,County-Removal
County,55087,FDEWVAR,ECO1,2023-2024,1135,County-Removal
County,55015,FDEWVAR,ECO1,2023-2024,37,County-Removal
County,55139,FDEWVAR,ECO1,2023-2024,1866,County-Removal
County,55087,FDEWVAR,EL1,2023-2024,95,County-Removal
County,55015,FDEWVAR,EL1,2023-2024,9,County-Removal
County,55139,FDEWVAR,EL1,2023-2024,81,County-Removal
County,55087,FDEWVAR,ENG3,2023-2024,1354,County-Removal
County,55015,FDEWVAR,ENG3,2023-2024,45,County-Removal
County,55139,FDEWVAR,ENG3,2023-2024,2152,County-Removal
County,55087,FDEWVAR,FEM3,2023-2024,407,County-Removal
County,55015,FDEWVAR,FEM3,2023-2024,10,County-Removal
County,55139,FDEWVAR,FEM3,2023-2024,786,County-Removal
County,55087,FDEWVAR,H,2023-2024,214,County-Removal
County,55015,FDEWVAR,H,2023-2024,7,County-Removal
County,55139,FDEWVAR,H,2023-2024,275,County-Removal
County,55087,FDEWVAR,K41,2023-2024,8,County-Removal
County,55087,FDEWVAR,KIN2,2023-2024,75,County-Removal
County,55139,FDEWVAR,KIN2,2023-2024,85,County-Removal
County,55087,FDEWVAR,MAL15,2023-2024,1291,County-Removal
County,55015,FDEWVAR,MAL15,2023-2024,45,County-Removal
County,55139,FDEWVAR,MAL15,2023-2024,1434,County-Removal
County,55087,FDEWVAR,NOT3,2023-2024,614,County-Removal
County,55015,FDEWVAR,NOT3,2023-2024,18,County-Removal
County,55139,FDEWVAR,NOT3,2023-2024,493,County-Removal
County,55087,FDEWVAR,NOT4,2023-2024,1749,County-Removal
County,55015,FDEWVAR,NOT4,2023-2024,55,County-Removal
County,55139,FDEWVAR,NOT4,2023-2024,2360,County-Removal
County,55087,FDEWVAR,P,2023-2024,28,County-Removal
County,55139,FDEWVAR,P,2023-2024,1,County-Removal
County,55087,FDEWVAR,Q,2023-2024,206,County-Removal
County,55015,FDEWVAR,Q,2023-2024,2,County-Removal
County,55139,FDEWVAR,Q,2023-2024,352,County-Removal
County,55087,FDEWVAR,SWD1,2023-2024,871,County-Removal
County,55015,FDEWVAR,SWD1,2023-2024,19,County-Removal
County,55139,FDEWVAR,SWD1,2023-2024,974,County-Removal
County,55087,FDEWVAR,SWO1,2023-2024,868,County-Removal
County,55015,FDEWVAR,SWO1,2023-2024,36,County-Removal
County,55139,FDEWVAR,SWO1,2023-2024,1386,County-Removal
County,55139,FDEWVAR,UNK3,2023-2024,2361,County-Removal
County,55087,FDEWVAR,UNK3,2023-2024,1749,County-Removal
County,55015,FDEWVAR,UNK3,2023-2024,55,County-Removal
County,55087,FDEWVAR,UNK4,2023-2024,1749,County-Removal
County,55015,FDEWVAR,UNK4,2023-2024,55,County-Removal
County,55139,FDEWVAR,UNK4,2023-2024,2360,County-Removal
County,55087,FDEWVAR,UNK5,2023-2024,1749,County-Removal
County,55015,FDEWVAR,UNK5,2023-2024,55,County-Removal
County,55139,FDEWVAR,UNK5,2023-2024,2360,County-Removal
County,55087,FDEWVAR,UNK6,2023-2024,1749,County-Removal
County,55015,FDEWVAR,UNK6,2023-2024,55,County-Removal
County,55139,FDEWVAR,UNK6,2023-2024,2360,County-Removal
County,55139,FDEWVAR,UNK7,2023-2024,2361,County-Removal
County,55087,FDEWVAR,UNK7,2023-2024,1749,County-Removal
County,55015,FDEWVAR,UNK7,2023-2024,55,County-Removal
County,55087,FDEWVAR,UNK8,2023-2024,1749,County-Removal
County,55015,FDEWVAR,UNK8,2023-2024,55,County-Removal
County,55139,FDEWVAR,UNK8,2023-2024,2360,County-Removal
County,55087,FDEWVAR,UNK9,2023-2024,1749,County-Removal
County,55015,FDEWVAR,UNK9,2023-2024,55,County-Removal
County,55139,FDEWVAR,UNK9,2023-2024,2360,County-Removal
County,55087,FDEWVAR,W,2023-2024,1037,County-Removal
County,55015,FDEWVAR,W,2023-2024,36,County-Removal
County,55139,FDEWVAR,W,2023-2024,1229,County-Removal
County,55087,FDEWVAR,X1012,2023-2024,173,County-Removal
County,55015,FDEWVAR,X1012,2023-2024,10,County-Removal
County,55139,FDEWVAR,X1012,2023-2024,254,County-Removal
County,55087,FDEWVAR,X113,2023-2024,135,County-Removal
County,55015,FDEWVAR,X113,2023-2024,9,County-Removal
County,55139,FDEWVAR,X113,2023-2024,168,County-Removal
County,55087,FDEWVAR,X1210,2023-2024,70,County-Removal
County,55015,FDEWVAR,X1210,2023-2024,2,County-Removal
County,55139,FDEWVAR,X1210,2023-2024,96,County-Removal
County,55087,FDEWVAR,X1S2,2023-2024,68,County-Removal
County,55139,FDEWVAR,X1S2,2023-2024,144,County-Removal
County,55087,FDEWVAR,X2N2,2023-2024,53,County-Removal
County,55015,FDEWVAR,X2N2,2023-2024,4,County-Removal
County,55139,FDEWVAR,X2N2,2023-2024,117,County-Removal
County,55087,FDEWVAR,X3R2,2023-2024,84,County-Removal
County,55139,FDEWVAR,X3R2,2023-2024,81,County-Removal
County,55015,FDEWVAR,X3R2,2023-2024,1,County-Removal
County,55087,FDEWVAR,X4T2,2023-2024,65,County-Removal
County,55139,FDEWVAR,X4T2,2023-2024,126,County-Removal
County,55015,FDEWVAR,X4T2,2023-2024,1,County-Removal
County,55087,FDEWVAR,X5T3,2023-2024,117,County-Removal
County,55015,FDEWVAR,X5T3,2023-2024,1,County-Removal
County,55139,FDEWVAR,X5T3,2023-2024,137,County-Removal
County,55087,FDEWVAR,X6T3,2023-2024,166,County-Removal
County,55015,FDEWVAR,X6T3,2023-2024,4,County-Removal
County,55139,FDEWVAR,X6T3,2023-2024,238,County-Removal
County,55087,FDEWVAR,X7T2,2023-2024,234,County-Removal
County,55015,FDEWVAR,X7T2,2023-2024,5,County-Removal
County,55139,FDEWVAR,X7T2,2023-2024,304,County-Removal
County,55087,FDEWVAR,X8T2,2023-2024,275,County-Removal
County,55015,FDEWVAR,X8T2,2023-2024,8,County-Removal
County,55139,FDEWVAR,X8T2,2023-2024,349,County-Removal
County,55087,FDEWVAR,X9T3,2023-2024,214,County-Removal
County,55015,FDEWVAR,X9T3,2023-2024,10,County-Removal
County,55139,FDEWVAR,X9T3,2023-2024,261,County-Removal
Zip code,53014,FDEWVAR,,2023-2024,10,Zipcode-Removal
Zip code,53014,FDEWVAR,ECO1,2023-2024,8,Zipcode-Removal
Zip code,53014,FDEWVAR,EL1,2023-2024,2,Zipcode-Removal
Zip code,53014,FDEWVAR,ENG3,2023-2024,8,Zipcode-Removal
Zip code,53014,FDEWVAR,FEM3,2023-2024,3,Zipcode-Removal
Zip code,53014,FDEWVAR,H,2023-2024,2,Zipcode-Removal
Zip code,53014,FDEWVAR,MAL15,2023-2024,7,Zipcode-Removal
Zip code,53014,FDEWVAR,NOT3,2023-2024,2,Zipcode-Removal
Zip code,53014,FDEWVAR,NOT4,2023-2024,10,Zipcode-Removal
Zip code,53014,FDEWVAR,SWD1,2023-2024,2,Zipcode-Removal
Zip code,53014,FDEWVAR,SWO1,2023-2024,8,Zipcode-Removal
Zip code,53014,FDEWVAR,UNK2,2023-2024,10,Zipcode-Removal
Zip code,53014,FDEWVAR,UNK5,2023-2024,1,Zipcode-Removal
Zip code,53014,FDEWVAR,W,2023-2024,7,Zipcode-Removal
Zip code,53014,FDEWVAR,X1012,2023-2024,4,Zipcode-Removal
Zip code,53014,FDEWVAR,X1210,2023-2024,1,Zipcode-Removal
Zip code,53014,FDEWVAR,X7T2,2023-2024,2,Zipcode-Removal
Zip code,53014,FDEWVAR,X8T2,2023-2024,3,Zipcode-Removal
Zip code,53061,FDEWVAR,,2023-2024,15,Zipcode-Removal
Zip code,53061,FDEWVAR,ECO1,2023-2024,11,Zipcode-Removal
Zip code,53061,FDEWVAR,EL1,2023-2024,2,Zipcode-Removal
Zip code,53061,FDEWVAR,ENG3,2023-2024,13,Zipcode-Removal
Zip code,53061,FDEWVAR,FEM3,2023-2024,3,Zipcode-Removal
Zip code,53061,FDEWVAR,H,2023-2024,2,Zipcode-Removal
Zip code,53061,FDEWVAR,MAL15,2023-2024,12,Zipcode-Removal
Zip code,53061,FDEWVAR,NOT3,2023-2024,4,Zipcode-Removal
Zip code,53061,FDEWVAR,NOT4,2023-2024,15,Zipcode-Removal
Zip code,53061,FDEWVAR,Q,2023-2024,1,Zipcode-Removal
Zip code,53061,FDEWVAR,SWD1,2023-2024,5,Zipcode-Removal
Zip code,53061,FDEWVAR,SWO1,2023-2024,10,Zipcode-Removal
Zip code,53061,FDEWVAR,UNK2,2023-2024,15,Zipcode-Removal
Zip code,53061,FDEWVAR,UNK5,2023-2024,1,Zipcode-Removal
Zip code,53061,FDEWVAR,W,2023-2024,11,Zipcode-Removal
Zip code,53061,FDEWVAR,X1012,2023-2024,3,Zipcode-Removal
Zip code,53061,FDEWVAR,X113,2023-2024,3,Zipcode-Removal
Zip code,53061,FDEWVAR,X1210,2023-2024,1,Zipcode-Removal
Zip code,53061,FDEWVAR,X2N2,2023-2024,1,Zipcode-Removal
Zip code,53061,FDEWVAR,X4T2,2023-2024,1,Zipcode-Removal
Zip code,53061,FDEWVAR,X8T2,2023-2024,2,Zipcode-Removal
Zip code,53061,FDEWVAR,X9T3,2023-2024,4,Zipcode-Removal
Zip code,53088,FDEWVAR,,2023-2024,2,Zipcode-Removal
Zip code,53088,FDEWVAR,ECO1,2023-2024,1,Zipcode-Removal
Zip code,53088,FDEWVAR,ENG3,2023-2024,1,Zipcode-Removal
Zip code,53088,FDEWVAR,FEM3,2023-2024,1,Zipcode-Removal
Zip code,53088,FDEWVAR,MAL15,2023-2024,1,Zipcode-Removal
Zip code,53088,FDEWVAR,NOT3,2023-2024,1,Zipcode-Removal
Zip code,53088,FDEWVAR,NOT4,2023-2024,2,Zipcode-Removal
Zip code,53088,FDEWVAR,SWO1,2023-2024,2,Zipcode-Removal
Zip code,53088,FDEWVAR,UNK2,2023-2024,2,Zipcode-Removal
Zip code,53088,FDEWVAR,UNK4,2023-2024,1,Zipcode-Removal
Zip code,53088,FDEWVAR,UNK5,2023-2024,1,Zipcode-Removal
Zip code,53088,FDEWVAR,W,2023-2024,1,Zipcode-Removal
Zip code,53088,FDEWVAR,X113,2023-2024,1,Zipcode-Removal
Zip code,53088,FDEWVAR,X3R2,2023-2024,1,Zipcode-Removal
Zip code,54106,FDEWVAR,,2023-2024,2,Zipcode-Removal
Zip code,54106,FDEWVAR,MAL15,2023-2024,2,Zipcode-Removal
Zip code,54106,FDEWVAR,NOT3,2023-2024,2,Zipcode-Removal
Zip code,54106,FDEWVAR,NOT4,2023-2024,2,Zipcode-Removal
Zip code,54106,FDEWVAR,SWD1,2023-2024,2,Zipcode-Removal
Zip code,54106,FDEWVAR,UNK2,2023-2024,2,Zipcode-Removal
Zip code,54106,FDEWVAR,UNK4,2023-2024,2,Zipcode-Removal
Zip code,54106,FDEWVAR,W,2023-2024,2,Zipcode-Removal
Zip code,54106,FDEWVAR,X6T3,2023-2024,2,Zipcode-Removal
Zip code,54110,FDEWVAR,,2023-2024,21,Zipcode-Removal
Zip code,54110,FDEWVAR,ECO1,2023-2024,16,Zipcode-Removal
Zip code,54110,FDEWVAR,EL1,2023-2024,1,Zipcode-Removal
Zip code,54110,FDEWVAR,ENG3,2023-2024,20,Zipcode-Removal
Zip code,54110,FDEWVAR,FEM3,2023-2024,3,Zipcode-Removal
Zip code,54110,FDEWVAR,H,2023-2024,3,Zipcode-Removal
Zip code,54110,FDEWVAR,MAL15,2023-2024,18,Zipcode-Removal
Zip code,54110,FDEWVAR,NOT3,2023-2024,5,Zipcode-Removal
Zip code,54110,FDEWVAR,NOT4,2023-2024,21,Zipcode-Removal
Zip code,54110,FDEWVAR,Q,2023-2024,1,Zipcode-Removal
Zip code,54110,FDEWVAR,SWD1,2023-2024,12,Zipcode-Removal
Zip code,54110,FDEWVAR,SWO1,2023-2024,9,Zipcode-Removal
Zip code,54110,FDEWVAR,UNK2,2023-2024,21,Zipcode-Removal
Zip code,54110,FDEWVAR,UNK5,2023-2024,3,Zipcode-Removal
Zip code,54110,FDEWVAR,W,2023-2024,14,Zipcode-Removal
Zip code,54110,FDEWVAR,X1012,2023-2024,3,Zipcode-Removal
Zip code,54110,FDEWVAR,X113,2023-2024,5,Zipcode-Removal
Zip code,54110,FDEWVAR,X2N2,2023-2024,3,Zipcode-Removal
Zip code,54110,FDEWVAR,X6T3,2023-2024,4,Zipcode-Removal
Zip code,54110,FDEWVAR,X7T2,2023-2024,1,Zipcode-Removal
Zip code,54110,FDEWVAR,X9T3,2023-2024,5,Zipcode-Removal
Zip code,54113,FDEWVAR,,2023-2024,3,Zipcode-Removal
Zip code,54113,FDEWVAR,ECO1,2023-2024,3,Zipcode-Removal
Zip code,54113,FDEWVAR,ENG3,2023-2024,3,Zipcode-Removal
Zip code,54113,FDEWVAR,NOT4,2023-2024,3,Zipcode-Removal
Zip code,54113,FDEWVAR,Q,2023-2024,1,Zipcode-Removal
Zip code,54113,FDEWVAR,SWD1,2023-2024,3,Zipcode-Removal
Zip code,54113,FDEWVAR,UNK2,2023-2024,3,Zipcode-Removal
Zip code,54113,FDEWVAR,UNK7,2023-2024,3,Zipcode-Removal
Zip code,54113,FDEWVAR,W,2023-2024,2,Zipcode-Removal
Zip code,54113,FDEWVAR,X1S2,2023-2024,2,Zipcode-Removal
Zip code,54113,FDEWVAR,X2N2,2023-2024,1,Zipcode-Removal
Zip code,54129,FDEWVAR,,2023-2024,7,Zipcode-Removal
Zip code,54129,FDEWVAR,ECO1,2023-2024,1,Zipcode-Removal
Zip code,54129,FDEWVAR,EL1,2023-2024,4,Zipcode-Removal
Zip code,54129,FDEWVAR,ENG3,2023-2024,3,Zipcode-Removal
Zip code,54129,FDEWVAR,MAL15,2023-2024,7,Zipcode-Removal
Zip code,54129,FDEWVAR,NOT3,2023-2024,6,Zipcode-Removal
Zip code,54129,FDEWVAR,NOT4,2023-2024,7,Zipcode-Removal
Zip code,54129,FDEWVAR,SWO1,2023-2024,7,Zipcode-Removal
Zip code,54129,FDEWVAR,UNK2,2023-2024,7,Zipcode-Removal
Zip code,54129,FDEWVAR,UNK5,2023-2024,4,Zipcode-Removal
Zip code,54129,FDEWVAR,W,2023-2024,3,Zipcode-Removal
Zip code,54129,FDEWVAR,X5T3,2023-2024,1,Zipcode-Removal
Zip code,54129,FDEWVAR,X7T2,2023-2024,2,Zipcode-Removal
Zip code,54129,FDEWVAR,X8T2,2023-2024,3,Zipcode-Removal
Zip code,54129,FDEWVAR,X9T3,2023-2024,1,Zipcode-Removal
Zip code,54130,FDEWVAR,,2023-2024,361,Zipcode-Removal
Zip code,54130,FDEWVAR,A,2023-2024,4,Zipcode-Removal
Zip code,54130,FDEWVAR,ECO1,2023-2024,182,Zipcode-Removal
Zip code,54130,FDEWVAR,EL1,2023-2024,19,Zipcode-Removal
Zip code,54130,FDEWVAR,ENG3,2023-2024,272,Zipcode-Removal
Zip code,54130,FDEWVAR,FEM3,2023-2024,49,Zipcode-Removal
Zip code,54130,FDEWVAR,H,2023-2024,41,Zipcode-Removal
Zip code,54130,FDEWVAR,K41,2023-2024,1,Zipcode-Removal
Zip code,54130,FDEWVAR,KIN2,2023-2024,33,Zipcode-Removal
Zip code,54130,FDEWVAR,MAL15,2023-2024,283,Zipcode-Removal
Zip code,54130,FDEWVAR,NOT3,2023-2024,179,Zipcode-Removal
Zip code,54130,FDEWVAR,NOT4,2023-2024,361,Zipcode-Removal
Zip code,54130,FDEWVAR,Q,2023-2024,34,Zipcode-Removal
Zip code,54130,FDEWVAR,SWD1,2023-2024,205,Zipcode-Removal
Zip code,54130,FDEWVAR,SWO1,2023-2024,156,Zipcode-Removal
Zip code,54130,FDEWVAR,UNK2,2023-2024,361,Zipcode-Removal
Zip code,54130,FDEWVAR,UNK4,2023-2024,70,Zipcode-Removal
Zip code,54130,FDEWVAR,UNK5,2023-2024,37,Zipcode-Removal
Zip code,54130,FDEWVAR,UNK7,2023-2024,29,Zipcode-Removal
Zip code,54130,FDEWVAR,W,2023-2024,245,Zipcode-Removal
Zip code,54130,FDEWVAR,X1012,2023-2024,25,Zipcode-Removal
Zip code,54130,FDEWVAR,X113,2023-2024,20,Zipcode-Removal
Zip code,54130,FDEWVAR,X1210,2023-2024,5,Zipcode-Removal
Zip code,54130,FDEWVAR,X1S2,2023-2024,27,Zipcode-Removal
Zip code,54130,FDEWVAR,X2N2,2023-2024,14,Zipcode-Removal
Zip code,54130,FDEWVAR,X3R2,2023-2024,49,Zipcode-Removal
Zip code,54130,FDEWVAR,X4T2,2023-2024,12,Zipcode-Removal
Zip code,54130,FDEWVAR,X5T3,2023-2024,30,Zipcode-Removal
Zip code,54130,FDEWVAR,X6T3,2023-2024,32,Zipcode-Removal
Zip code,54130,FDEWVAR,X7T2,2023-2024,46,Zipcode-Removal
Zip code,54130,FDEWVAR,X8T2,2023-2024,34,Zipcode-Removal
Zip code,54130,FDEWVAR,X9T3,2023-2024,33,Zipcode-Removal
Zip code,54136,FDEWVAR,,2023-2024,167,Zipcode-Removal
Zip code,54136,FDEWVAR,A,2023-2024,6,Zipcode-Removal
Zip code,54136,FDEWVAR,ECO1,2023-2024,70,Zipcode-Removal
Zip code,54136,FDEWVAR,EL1,2023-2024,9,Zipcode-Removal
Zip code,54136,FDEWVAR,ENG3,2023-2024,158,Zipcode-Removal
Zip code,54136,FDEWVAR,FEM3,2023-2024,23,Zipcode-Removal
Zip code,54136,FDEWVAR,H,2023-2024,18,Zipcode-Removal
Zip code,54136,FDEWVAR,KIN2,2023-2024,1,Zipcode-Removal
Zip code,54136,FDEWVAR,MAL15,2023-2024,130,Zipcode-Removal
Zip code,54136,FDEWVAR,NOT3,2023-2024,97,Zipcode-Removal
Zip code,54136,FDEWVAR,NOT4,2023-2024,167,Zipcode-Removal
Zip code,54136,FDEWVAR,Q,2023-2024,8,Zipcode-Removal
Zip code,54136,FDEWVAR,SWD1,2023-2024,82,Zipcode-Removal
Zip code,54136,FDEWVAR,SWO1,2023-2024,85,Zipcode-Removal
Zip code,54136,FDEWVAR,UNK2,2023-2024,167,Zipcode-Removal
Zip code,54136,FDEWVAR,UNK5,2023-2024,4,Zipcode-Removal
Zip code,54136,FDEWVAR,UNK7,2023-2024,14,Zipcode-Removal
Zip code,54136,FDEWVAR,W,2023-2024,131,Zipcode-Removal
Zip code,54136,FDEWVAR,X1012,2023-2024,19,Zipcode-Removal
Zip code,54136,FDEWVAR,X113,2023-2024,18,Zipcode-Removal
Zip code,54136,FDEWVAR,X1210,2023-2024,13,Zipcode-Removal
Zip code,54136,FDEWVAR,X2N2,2023-2024,3,Zipcode-Removal
Zip code,54136,FDEWVAR,X3R2,2023-2024,2,Zipcode-Removal
Zip code,54136,FDEWVAR,X4T2,2023-2024,6,Zipcode-Removal
Zip code,54136,FDEWVAR,X5T3,2023-2024,6,Zipcode-Removal
Zip code,54136,FDEWVAR,X6T3,2023-2024,4,Zipcode-Removal
Zip code,54136,FDEWVAR,X7T2,2023-2024,23,Zipcode-Removal
Zip code,54136,FDEWVAR,X8T2,2023-2024,36,Zipcode-Removal
Zip code,54136,FDEWVAR,X9T3,2023-2024,36,Zipcode-Removal
Zip code,54140,FDEWVAR,,2023-2024,73,Zipcode-Removal
Zip code,54140,FDEWVAR,B,2023-2024,4,Zipcode-Removal
Zip code,54140,FDEWVAR,ECO1,2023-2024,38,Zipcode-Removal
Zip code,54140,FDEWVAR,EL1,2023-2024,3,Zipcode-Removal
Zip code,54140,FDEWVAR,ENG3,2023-2024,54,Zipcode-Removal
Zip code,54140,FDEWVAR,FEM3,2023-2024,8,Zipcode-Removal
Zip code,54140,FDEWVAR,H,2023-2024,7,Zipcode-Removal
Zip code,54140,FDEWVAR,KIN2,2023-2024,1,Zipcode-Removal
Zip code,54140,FDEWVAR,MAL15,2023-2024,60,Zipcode-Removal
Zip code,54140,FDEWVAR,NOT3,2023-2024,35,Zipcode-Removal
Zip code,54140,FDEWVAR,NOT4,2023-2024,73,Zipcode-Removal
Zip code,54140,FDEWVAR,Q,2023-2024,7,Zipcode-Removal
Zip code,54140,FDEWVAR,SWD1,2023-2024,33,Zipcode-Removal
Zip code,54140,FDEWVAR,SWO1,2023-2024,40,Zipcode-Removal
Zip code,54140,FDEWVAR,UNK2,2023-2024,73,Zipcode-Removal
Zip code,54140,FDEWVAR,UNK4,2023-2024,16,Zipcode-Removal
Zip code,54140,FDEWVAR,UNK5,2023-2024,2,Zipcode-Removal
Zip code,54140,FDEWVAR,UNK7,2023-2024,5,Zipcode-Removal
Zip code,54140,FDEWVAR,W,2023-2024,53,Zipcode-Removal
Zip code,54140,FDEWVAR,X1012,2023-2024,6,Zipcode-Removal
Zip code,54140,FDEWVAR,X113,2023-2024,6,Zipcode-Removal
Zip code,54140,FDEWVAR,X1210,2023-2024,1,Zipcode-Removal
Zip code,54140,FDEWVAR,X1S2,2023-2024,3,Zipcode-Removal
Zip code,54140,FDEWVAR,X2N2,2023-2024,2,Zipcode-Removal
Zip code,54140,FDEWVAR,X3R2,2023-2024,3,Zipcode-Removal
Zip code,54140,FDEWVAR,X4T2,2023-2024,1,Zipcode-Removal
Zip code,54140,FDEWVAR,X5T3,2023-2024,4,Zipcode-Removal
Zip code,54140,FDEWVAR,X6T3,2023-2024,12,Zipcode-Removal
Zip code,54140,FDEWVAR,X7T2,2023-2024,15,Zipcode-Removal
Zip code,54140,FDEWVAR,X8T2,2023-2024,11,Zipcode-Removal
Zip code,54140,FDEWVAR,X9T3,2023-2024,8,Zipcode-Removal
Zip code,54165,FDEWVAR,,2023-2024,113,Zipcode-Removal
Zip code,54165,FDEWVAR,ECO1,2023-2024,88,Zipcode-Removal
Zip code,54165,FDEWVAR,FEM3,2023-2024,19,Zipcode-Removal
Zip code,54165,FDEWVAR,H,2023-2024,16,Zipcode-Removal
Zip code,54165,FDEWVAR,KIN2,2023-2024,1,Zipcode-Removal
Zip code,54165,FDEWVAR,MAL15,2023-2024,94,Zipcode-Removal
Zip code,54165,FDEWVAR,NOT3,2023-2024,25,Zipcode-Removal
Zip code,54165,FDEWVAR,NOT4,2023-2024,113,Zipcode-Removal
Zip code,54165,FDEWVAR,P,2023-2024,24,Zipcode-Removal
Zip code,54165,FDEWVAR,Q,2023-2024,8,Zipcode-Removal
Zip code,54165,FDEWVAR,SWD1,2023-2024,56,Zipcode-Removal
Zip code,54165,FDEWVAR,SWO1,2023-2024,57,Zipcode-Removal
Zip code,54165,FDEWVAR,UNK2,2023-2024,113,Zipcode-Removal
Zip code,54165,FDEWVAR,UNK4,2023-2024,113,Zipcode-Removal
Zip code,54165,FDEWVAR,UNK5,2023-2024,5,Zipcode-Removal
Zip code,54165,FDEWVAR,W,2023-2024,60,Zipcode-Removal
Zip code,54165,FDEWVAR,X1012,2023-2024,15,Zipcode-Removal
Zip code,54165,FDEWVAR,X113,2023-2024,10,Zipcode-Removal
Zip code,54165,FDEWVAR,X1210,2023-2024,2,Zipcode-Removal
Zip code,54165,FDEWVAR,X1S2,2023-2024,1,Zipcode-Removal
Zip code,54165,FDEWVAR,X2N2,2023-2024,5,Zipcode-Removal
Zip code,54165,FDEWVAR,X3R2,2023-2024,4,Zipcode-Removal
Zip code,54165,FDEWVAR,X4T2,2023-2024,3,Zipcode-Removal
Zip code,54165,FDEWVAR,X5T3,2023-2024,13,Zipcode-Removal
Zip code,54165,FDEWVAR,X6T3,2023-2024,13,Zipcode-Removal
Zip code,54165,FDEWVAR,X7T2,2023-2024,27,Zipcode-Removal
Zip code,54165,FDEWVAR,X8T2,2023-2024,11,Zipcode-Removal
Zip code,54165,FDEWVAR,X9T3,2023-2024,8,Zipcode-Removal
Zip code,54170,FDEWVAR,,2023-2024,22,Zipcode-Removal
Zip code,54170,FDEWVAR,ECO1,2023-2024,9,Zipcode-Removal
Zip code,54170,FDEWVAR,ENG3,2023-2024,22,Zipcode-Removal
Zip code,54170,FDEWVAR,FEM3,2023-2024,9,Zipcode-Removal
Zip code,54170,FDEWVAR,K41,2023-2024,1,Zipcode-Removal
Zip code,54170,FDEWVAR,MAL15,2023-2024,13,Zipcode-Removal
Zip code,54170,FDEWVAR,NOT3,2023-2024,13,Zipcode-Removal
Zip code,54170,FDEWVAR,NOT4,2023-2024,22,Zipcode-Removal
Zip code,54170,FDEWVAR,SWD1,2023-2024,8,Zipcode-Removal
Zip code,54170,FDEWVAR,SWO1,2023-2024,14,Zipcode-Removal
Zip code,54170,FDEWVAR,UNK2,2023-2024,22,Zipcode-Removal
Zip code,54170,FDEWVAR,UNK5,2023-2024,3,Zipcode-Removal
Zip code,54170,FDEWVAR,UNK8,2023-2024,3,Zipcode-Removal
Zip code,54170,FDEWVAR,W,2023-2024,19,Zipcode-Removal
Zip code,54170,FDEWVAR,X1012,2023-2024,1,Zipcode-Removal
Zip code,54170,FDEWVAR,X113,2023-2024,9,Zipcode-Removal
Zip code,54170,FDEWVAR,X2N2,2023-2024,2,Zipcode-Removal
Zip code,54170,FDEWVAR,X3R2,2023-2024,4,Zipcode-Removal
Zip code,54170,FDEWVAR,X8T2,2023-2024,1,Zipcode-Removal
Zip code,54170,FDEWVAR,X9T3,2023-2024,1,Zipcode-Removal
Zip code,54901,FDEWVAR,,2023-2024,699,Zipcode-Removal
Zip code,54901,FDEWVAR,A,2023-2024,11,Zipcode-Removal
Zip code,54901,FDEWVAR,B,2023-2024,201,Zipcode-Removal
Zip code,54901,FDEWVAR,ECO1,2023-2024,615,Zipcode-Removal
Zip code,54901,FDEWVAR,EL1,2023-2024,19,Zipcode-Removal
Zip code,54901,FDEWVAR,ENG3,2023-2024,643,Zipcode-Removal
Zip code,54901,FDEWVAR,FEM3,2023-2024,241,Zipcode-Removal
Zip code,54901,FDEWVAR,H,2023-2024,83,Zipcode-Removal
Zip code,54901,FDEWVAR,KIN2,2023-2024,27,Zipcode-Removal
Zip code,54901,FDEWVAR,MAL15,2023-2024,458,Zipcode-Removal
Zip code,54901,FDEWVAR,NOT3,2023-2024,84,Zipcode-Removal
Zip code,54901,FDEWVAR,NOT4,2023-2024,699,Zipcode-Removal
Zip code,54901,FDEWVAR,P,2023-2024,1,Zipcode-Removal
Zip code,54901,FDEWVAR,Q,2023-2024,125,Zipcode-Removal
Zip code,54901,FDEWVAR,SWD1,2023-2024,287,Zipcode-Removal
Zip code,54901,FDEWVAR,SWO1,2023-2024,412,Zipcode-Removal
Zip code,54901,FDEWVAR,UNK2,2023-2024,699,Zipcode-Removal
Zip code,54901,FDEWVAR,UNK4,2023-2024,37,Zipcode-Removal
Zip code,54901,FDEWVAR,UNK5,2023-2024,34,Zipcode-Removal
Zip code,54901,FDEWVAR,W,2023-2024,244,Zipcode-Removal
Zip code,54901,FDEWVAR,X1012,2023-2024,76,Zipcode-Removal
Zip code,54901,FDEWVAR,X113,2023-2024,51,Zipcode-Removal
Zip code,54901,FDEWVAR,X1210,2023-2024,27,Zipcode-Removal
Zip code,54901,FDEWVAR,X1S2,2023-2024,52,Zipcode-Removal
Zip code,54901,FDEWVAR,X2N2,2023-2024,54,Zipcode-Removal
Zip code,54901,FDEWVAR,X3R2,2023-2024,36,Zipcode-Removal
Zip code,54901,FDEWVAR,X4T2,2023-2024,33,Zipcode-Removal
Zip code,54901,FDEWVAR,X5T3,2023-2024,36,Zipcode-Removal
Zip code,54901,FDEWVAR,X6T3,2023-2024,74,Zipcode-Removal
Zip code,54901,FDEWVAR,X7T2,2023-2024,103,Zipcode-Removal
Zip code,54901,FDEWVAR,X8T2,2023-2024,65,Zipcode-Removal
Zip code,54901,FDEWVAR,X9T3,2023-2024,65,Zipcode-Removal
Zip code,54902,FDEWVAR,,2023-2024,477,Zipcode-Removal
Zip code,54902,FDEWVAR,A,2023-2024,2,Zipcode-Removal
Zip code,54902,FDEWVAR,B,2023-2024,46,Zipcode-Removal
Zip code,54902,FDEWVAR,ECO1,2023-2024,334,Zipcode-Removal
Zip code,54902,FDEWVAR,EL1,2023-2024,6,Zipcode-Removal
Zip code,54902,FDEWVAR,ENG3,2023-2024,471,Zipcode-Removal
Zip code,54902,FDEWVAR,FEM3,2023-2024,166,Zipcode-Removal
Zip code,54902,FDEWVAR,H,2023-2024,27,Zipcode-Removal
Zip code,54902,FDEWVAR,KIN2,2023-2024,1,Zipcode-Removal
Zip code,54902,FDEWVAR,MAL15,2023-2024,172,Zipcode-Removal
Zip code,54902,FDEWVAR,NOT3,2023-2024,143,Zipcode-Removal
Zip code,54902,FDEWVAR,NOT4,2023-2024,477,Zipcode-Removal
Zip code,54902,FDEWVAR,Q,2023-2024,61,Zipcode-Removal
Zip code,54902,FDEWVAR,SWD1,2023-2024,190,Zipcode-Removal
Zip code,54902,FDEWVAR,SWO1,2023-2024,287,Zipcode-Removal
Zip code,54902,FDEWVAR,UNK2,2023-2024,477,Zipcode-Removal
Zip code,54902,FDEWVAR,UNK5,2023-2024,27,Zipcode-Removal
Zip code,54902,FDEWVAR,UNK7,2023-2024,139,Zipcode-Removal
Zip code,54902,FDEWVAR,W,2023-2024,314,Zipcode-Removal
Zip code,54902,FDEWVAR,X1012,2023-2024,54,Zipcode-Removal
Zip code,54902,FDEWVAR,X113,2023-2024,46,Zipcode-Removal
Zip code,54902,FDEWVAR,X1210,2023-2024,36,Zipcode-Removal
Zip code,54902,FDEWVAR,X1S2,2023-2024,10,Zipcode-Removal
Zip code,54902,FDEWVAR,X2N2,2023-2024,7,Zipcode-Removal
Zip code,54902,FDEWVAR,X3R2,2023-2024,2,Zipcode-Removal
Zip code,54902,FDEWVAR,X4T2,2023-2024,27,Zipcode-Removal
Zip code,54902,FDEWVAR,X5T3,2023-2024,14,Zipcode-Removal
Zip code,54902,FDEWVAR,X6T3,2023-2024,49,Zipcode-Removal
Zip code,54902,FDEWVAR,X7T2,2023-2024,49,Zipcode-Removal
Zip code,54902,FDEWVAR,X8T2,2023-2024,108,Zipcode-Removal
Zip code,54902,FDEWVAR,X9T3,2023-2024,74,Zipcode-Removal
Zip code,54904,FDEWVAR,,2023-2024,70,Zipcode-Removal
Zip code,54904,FDEWVAR,A,2023-2024,1,Zipcode-Removal
Zip code,54904,FDEWVAR,B,2023-2024,8,Zipcode-Removal
Zip code,54904,FDEWVAR,ECO1,2023-2024,49,Zipcode-Removal
Zip code,54904,FDEWVAR,EL1,2023-2024,1,Zipcode-Removal
Zip code,54904,FDEWVAR,ENG3,2023-2024,69,Zipcode-Removal
Zip code,54904,FDEWVAR,FEM3,2023-2024,16,Zipcode-Removal
Zip code,54904,FDEWVAR,H,2023-2024,2,Zipcode-Removal
Zip code,54904,FDEWVAR,KIN2,2023-2024,14,Zipcode-Removal
Zip code,54904,FDEWVAR,MAL15,2023-2024,54,Zipcode-Removal
Zip code,54904,FDEWVAR,NOT3,2023-2024,21,Zipcode-Removal
Zip code,54904,FDEWVAR,NOT4,2023-2024,70,Zipcode-Removal
Zip code,54904,FDEWVAR,Q,2023-2024,17,Zipcode-Removal
Zip code,54904,FDEWVAR,SWD1,2023-2024,26,Zipcode-Removal
Zip code,54904,FDEWVAR,SWO1,2023-2024,44,Zipcode-Removal
Zip code,54904,FDEWVAR,UNK2,2023-2024,70,Zipcode-Removal
Zip code,54904,FDEWVAR,W,2023-2024,42,Zipcode-Removal
Zip code,54904,FDEWVAR,X1S2,2023-2024,9,Zipcode-Removal
Zip code,54904,FDEWVAR,X2N2,2023-2024,1,Zipcode-Removal
Zip code,54904,FDEWVAR,X3R2,2023-2024,6,Zipcode-Removal
Zip code,54904,FDEWVAR,X4T2,2023-2024,5,Zipcode-Removal
Zip code,54904,FDEWVAR,X5T3,2023-2024,7,Zipcode-Removal
Zip code,54904,FDEWVAR,X6T3,2023-2024,2,Zipcode-Removal
Zip code,54904,FDEWVAR,X7T2,2023-2024,6,Zipcode-Removal
Zip code,54904,FDEWVAR,X8T2,2023-2024,20,Zipcode-Removal
Zip code,54911,FDEWVAR,,2023-2024,241,Zipcode-Removal
Zip code,54911,FDEWVAR,A,2023-2024,4,Zipcode-Removal
Zip code,54911,FDEWVAR,B,2023-2024,23,Zipcode-Removal
Zip code,54911,FDEWVAR,ECO1,2023-2024,202,Zipcode-Removal
Zip code,54911,FDEWVAR,EL1,2023-2024,14,Zipcode-Removal
Zip code,54911,FDEWVAR,ENG3,2023-2024,217,Zipcode-Removal
Zip code,54911,FDEWVAR,FEM3,2023-2024,81,Zipcode-Removal
Zip code,54911,FDEWVAR,H,2023-2024,30,Zipcode-Removal
Zip code,54911,FDEWVAR,K41,2023-2024,3,Zipcode-Removal
Zip code,54911,FDEWVAR,KIN2,2023-2024,8,Zipcode-Removal
Zip code,54911,FDEWVAR,MAL15,2023-2024,160,Zipcode-Removal
Zip code,54911,FDEWVAR,NOT3,2023-2024,39,Zipcode-Removal
Zip code,54911,FDEWVAR,NOT4,2023-2024,241,Zipcode-Removal
Zip code,54911,FDEWVAR,P,2023-2024,4,Zipcode-Removal
Zip code,54911,FDEWVAR,Q,2023-2024,34,Zipcode-Removal
Zip code,54911,FDEWVAR,SWD1,2023-2024,151,Zipcode-Removal
Zip code,54911,FDEWVAR,SWO1,2023-2024,80,Zipcode-Removal
Zip code,54911,FDEWVAR,UNK2,2023-2024,241,Zipcode-Removal
Zip code,54911,FDEWVAR,UNK4,2023-2024,10,Zipcode-Removal
Zip code,54911,FDEWVAR,UNK5,2023-2024,16,Zipcode-Removal
Zip code,54911,FDEWVAR,UNK6,2023-2024,10,Zipcode-Removal
Zip code,54911,FDEWVAR,W,2023-2024,130,Zipcode-Removal
Zip code,54911,FDEWVAR,X1012,2023-2024,6,Zipcode-Removal
Zip code,54911,FDEWVAR,X113,2023-2024,1,Zipcode-Removal
Zip code,54911,FDEWVAR,X1S2,2023-2024,7,Zipcode-Removal
Zip code,54911,FDEWVAR,X2N2,2023-2024,8,Zipcode-Removal
Zip code,54911,FDEWVAR,X3R2,2023-2024,2,Zipcode-Removal
Zip code,54911,FDEWVAR,X4T2,2023-2024,20,Zipcode-Removal
Zip code,54911,FDEWVAR,X5T3,2023-2024,21,Zipcode-Removal
Zip code,54911,FDEWVAR,X6T3,2023-2024,32,Zipcode-Removal
Zip code,54911,FDEWVAR,X7T2,2023-2024,54,Zipcode-Removal
Zip code,54911,FDEWVAR,X8T2,2023-2024,79,Zipcode-Removal
Zip code,54913,FDEWVAR,,2023-2024,101,Zipcode-Removal
Zip code,54913,FDEWVAR,A,2023-2024,3,Zipcode-Removal
Zip code,54913,FDEWVAR,B,2023-2024,14,Zipcode-Removal
Zip code,54913,FDEWVAR,ECO1,2023-2024,60,Zipcode-Removal
Zip code,54913,FDEWVAR,EL1,2023-2024,6,Zipcode-Removal
Zip code,54913,FDEWVAR,ENG3,2023-2024,95,Zipcode-Removal
Zip code,54913,FDEWVAR,FEM3,2023-2024,34,Zipcode-Removal
Zip code,54913,FDEWVAR,H,2023-2024,24,Zipcode-Removal
Zip code,54913,FDEWVAR,MAL15,2023-2024,67,Zipcode-Removal
Zip code,54913,FDEWVAR,NOT3,2023-2024,41,Zipcode-Removal
Zip code,54913,FDEWVAR,NOT4,2023-2024,101,Zipcode-Removal
Zip code,54913,FDEWVAR,Q,2023-2024,5,Zipcode-Removal
Zip code,54913,FDEWVAR,SWD1,2023-2024,33,Zipcode-Removal
Zip code,54913,FDEWVAR,SWO1,2023-2024,68,Zipcode-Removal
Zip code,54913,FDEWVAR,UNK2,2023-2024,101,Zipcode-Removal
Zip code,54913,FDEWVAR,UNK5,2023-2024,2,Zipcode-Removal
Zip code,54913,FDEWVAR,W,2023-2024,53,Zipcode-Removal
Zip code,54913,FDEWVAR,X1012,2023-2024,32,Zipcode-Removal
Zip code,54913,FDEWVAR,X113,2023-2024,21,Zipcode-Removal
Zip code,54913,FDEWVAR,X1210,2023-2024,15,Zipcode-Removal
Zip code,54913,FDEWVAR,X4T2,2023-2024,2,Zipcode-Removal
Zip code,54913,FDEWVAR,X5T3,2023-2024,1,Zipcode-Removal
Zip code,54913,FDEWVAR,X9T3,2023-2024,30,Zipcode-Removal
Zip code,54914,FDEWVAR,,2023-2024,310,Zipcode-Removal
Zip code,54914,FDEWVAR,A,2023-2024,7,Zipcode-Removal
Zip code,54914,FDEWVAR,B,2023-2024,70,Zipcode-Removal
Zip code,54914,FDEWVAR,ECO1,2023-2024,265,Zipcode-Removal
Zip code,54914,FDEWVAR,EL1,2023-2024,17,Zipcode-Removal
Zip code,54914,FDEWVAR,ENG3,2023-2024,290,Zipcode-Removal
Zip code,54914,FDEWVAR,FEM3,2023-2024,87,Zipcode-Removal
Zip code,54914,FDEWVAR,H,2023-2024,32,Zipcode-Removal
Zip code,54914,FDEWVAR,KIN2,2023-2024,18,Zipcode-Removal
Zip code,54914,FDEWVAR,MAL15,2023-2024,223,Zipcode-Removal
Zip code,54914,FDEWVAR,NOT3,2023-2024,45,Zipcode-Removal
Zip code,54914,FDEWVAR,NOT4,2023-2024,310,Zipcode-Removal
Zip code,54914,FDEWVAR,Q,2023-2024,62,Zipcode-Removal
Zip code,54914,FDEWVAR,SWD1,2023-2024,134,Zipcode-Removal
Zip code,54914,FDEWVAR,SWO1,2023-2024,176,Zipcode-Removal
Zip code,54914,FDEWVAR,UNK2,2023-2024,310,Zipcode-Removal
Zip code,54914,FDEWVAR,UNK4,2023-2024,3,Zipcode-Removal
Zip code,54914,FDEWVAR,UNK5,2023-2024,6,Zipcode-Removal
Zip code,54914,FDEWVAR,UNK8,2023-2024,2,Zipcode-Removal
Zip code,54914,FDEWVAR,W,2023-2024,133,Zipcode-Removal
Zip code,54914,FDEWVAR,X1012,2023-2024,37,Zipcode-Removal
Zip code,54914,FDEWVAR,X113,2023-2024,20,Zipcode-Removal
Zip code,54914,FDEWVAR,X1210,2023-2024,14,Zipcode-Removal
Zip code,54914,FDEWVAR,X1S2,2023-2024,15,Zipcode-Removal
Zip code,54914,FDEWVAR,X2N2,2023-2024,13,Zipcode-Removal
Zip code,54914,FDEWVAR,X3R2,2023-2024,6,Zipcode-Removal
Zip code,54914,FDEWVAR,X4T2,2023-2024,15,Zipcode-Removal
Zip code,54914,FDEWVAR,X5T3,2023-2024,19,Zipcode-Removal
Zip code,54914,FDEWVAR,X6T3,2023-2024,29,Zipcode-Removal
Zip code,54914,FDEWVAR,X7T2,2023-2024,30,Zipcode-Removal
Zip code,54914,FDEWVAR,X8T2,2023-2024,54,Zipcode-Removal
Zip code,54914,FDEWVAR,X9T3,2023-2024,38,Zipcode-Removal
Zip code,54915,FDEWVAR,,2023-2024,233,Zipcode-Removal
Zip code,54915,FDEWVAR,A,2023-2024,7,Zipcode-Removal
Zip code,54915,FDEWVAR,B,2023-2024,24,Zipcode-Removal
Zip code,54915,FDEWVAR,ECO1,2023-2024,180,Zipcode-Removal
Zip code,54915,FDEWVAR,EL1,2023-2024,25,Zipcode-Removal
Zip code,54915,FDEWVAR,ENG3,2023-2024,204,Zipcode-Removal
Zip code,54915,FDEWVAR,FEM3,2023-2024,75,Zipcode-Removal
Zip code,54915,FDEWVAR,H,2023-2024,44,Zipcode-Removal
Zip code,54915,FDEWVAR,KIN2,2023-2024,6,Zipcode-Removal
Zip code,54915,FDEWVAR,MAL15,2023-2024,158,Zipcode-Removal
Zip code,54915,FDEWVAR,NOT3,2023-2024,53,Zipcode-Removal
Zip code,54915,FDEWVAR,NOT4,2023-2024,233,Zipcode-Removal
Zip code,54915,FDEWVAR,Q,2023-2024,46,Zipcode-Removal
Zip code,54915,FDEWVAR,SWD1,2023-2024,128,Zipcode-Removal
Zip code,54915,FDEWVAR,SWO1,2023-2024,105,Zipcode-Removal
Zip code,54915,FDEWVAR,UNK2,2023-2024,233,Zipcode-Removal
Zip code,54915,FDEWVAR,UNK4,2023-2024,4,Zipcode-Removal
Zip code,54915,FDEWVAR,UNK5,2023-2024,18,Zipcode-Removal
Zip code,54915,FDEWVAR,W,2023-2024,94,Zipcode-Removal
Zip code,54915,FDEWVAR,X1012,2023-2024,23,Zipcode-Removal
Zip code,54915,FDEWVAR,X113,2023-2024,26,Zipcode-Removal
Zip code,54915,FDEWVAR,X1210,2023-2024,17,Zipcode-Removal
Zip code,54915,FDEWVAR,X1S2,2023-2024,10,Zipcode-Removal
Zip code,54915,FDEWVAR,X2N2,2023-2024,1,Zipcode-Removal
Zip code,54915,FDEWVAR,X3R2,2023-2024,6,Zipcode-Removal
Zip code,54915,FDEWVAR,X4T2,2023-2024,4,Zipcode-Removal
Zip code,54915,FDEWVAR,X5T3,2023-2024,8,Zipcode-Removal
Zip code,54915,FDEWVAR,X6T3,2023-2024,22,Zipcode-Removal
Zip code,54915,FDEWVAR,X7T2,2023-2024,26,Zipcode-Removal
Zip code,54915,FDEWVAR,X8T2,2023-2024,28,Zipcode-Removal
Zip code,54915,FDEWVAR,X9T3,2023-2024,56,Zipcode-Removal
Zip code,54942,FDEWVAR,,2023-2024,28,Zipcode-Removal
Zip code,54942,FDEWVAR,ECO1,2023-2024,7,Zipcode-Removal
Zip code,54942,FDEWVAR,EL1,2023-2024,2,Zipcode-Removal
Zip code,54942,FDEWVAR,ENG3,2023-2024,19,Zipcode-Removal
Zip code,54942,FDEWVAR,FEM3,2023-2024,3,Zipcode-Removal
Zip code,54942,FDEWVAR,H,2023-2024,2,Zipcode-Removal
Zip code,54942,FDEWVAR,K41,2023-2024,3,Zipcode-Removal
Zip code,54942,FDEWVAR,KIN2,2023-2024,6,Zipcode-Removal
Zip code,54942,FDEWVAR,MAL15,2023-2024,25,Zipcode-Removal
Zip code,54942,FDEWVAR,NOT3,2023-2024,21,Zipcode-Removal
Zip code,54942,FDEWVAR,NOT4,2023-2024,28,Zipcode-Removal
Zip code,54942,FDEWVAR,SWD1,2023-2024,6,Zipcode-Removal
Zip code,54942,FDEWVAR,SWO1,2023-2024,22,Zipcode-Removal
Zip code,54942,FDEWVAR,UNK2,2023-2024,28,Zipcode-Removal
Zip code,54942,FDEWVAR,UNK4,2023-2024,7,Zipcode-Removal
Zip code,54942,FDEWVAR,W,2023-2024,26,Zipcode-Removal
Zip code,54942,FDEWVAR,X1S2,2023-2024,3,Zipcode-Removal
Zip code,54942,FDEWVAR,X2N2,2023-2024,2,Zipcode-Removal
Zip code,54942,FDEWVAR,X3R2,2023-2024,2,Zipcode-Removal
Zip code,54942,FDEWVAR,X5T3,2023-2024,4,Zipcode-Removal
Zip code,54942,FDEWVAR,X7T2,2023-2024,1,Zipcode-Removal
Zip code,54942,FDEWVAR,X8T2,2023-2024,7,Zipcode-Removal
Zip code,54944,FDEWVAR,,2023-2024,95,Zipcode-Removal
Zip code,54944,FDEWVAR,B,2023-2024,2,Zipcode-Removal
Zip code,54944,FDEWVAR,ECO1,2023-2024,31,Zipcode-Removal
Zip code,54944,FDEWVAR,ENG3,2023-2024,20,Zipcode-Removal
Zip code,54944,FDEWVAR,FEM3,2023-2024,19,Zipcode-Removal
Zip code,54944,FDEWVAR,KIN2,2023-2024,1,Zipcode-Removal
Zip code,54944,FDEWVAR,MAL15,2023-2024,76,Zipcode-Removal
Zip code,54944,FDEWVAR,NOT3,2023-2024,64,Zipcode-Removal
Zip code,54944,FDEWVAR,NOT4,2023-2024,95,Zipcode-Removal
Zip code,54944,FDEWVAR,Q,2023-2024,1,Zipcode-Removal
Zip code,54944,FDEWVAR,SWD1,2023-2024,30,Zipcode-Removal
Zip code,54944,FDEWVAR,SWO1,2023-2024,65,Zipcode-Removal
Zip code,54944,FDEWVAR,UNK2,2023-2024,95,Zipcode-Removal
Zip code,54944,FDEWVAR,UNK4,2023-2024,75,Zipcode-Removal
Zip code,54944,FDEWVAR,UNK5,2023-2024,3,Zipcode-Removal
Zip code,54944,FDEWVAR,UNK8,2023-2024,7,Zipcode-Removal
Zip code,54944,FDEWVAR,W,2023-2024,89,Zipcode-Removal
Zip code,54944,FDEWVAR,X1012,2023-2024,9,Zipcode-Removal
Zip code,54944,FDEWVAR,X113,2023-2024,4,Zipcode-Removal
Zip code,54944,FDEWVAR,X1210,2023-2024,3,Zipcode-Removal
Zip code,54944,FDEWVAR,X2N2,2023-2024,2,Zipcode-Removal
Zip code,54944,FDEWVAR,X3R2,2023-2024,6,Zipcode-Removal
Zip code,54944,FDEWVAR,X4T2,2023-2024,2,Zipcode-Removal
Zip code,54944,FDEWVAR,X5T3,2023-2024,11,Zipcode-Removal
Zip code,54944,FDEWVAR,X6T3,2023-2024,20,Zipcode-Removal
Zip code,54944,FDEWVAR,X7T2,2023-2024,12,Zipcode-Removal
Zip code,54944,FDEWVAR,X8T2,2023-2024,14,Zipcode-Removal
Zip code,54944,FDEWVAR,X9T3,2023-2024,4,Zipcode-Removal
Zip code,54952,FDEWVAR,,2023-2024,495,Zipcode-Removal
Zip code,54952,FDEWVAR,A,2023-2024,2,Zipcode-Removal
Zip code,54952,FDEWVAR,B,2023-2024,94,Zipcode-Removal
Zip code,54952,FDEWVAR,ECO1,2023-2024,418,Zipcode-Removal
Zip code,54952,FDEWVAR,EL1,2023-2024,28,Zipcode-Removal
Zip code,54952,FDEWVAR,ENG3,2023-2024,467,Zipcode-Removal
Zip code,54952,FDEWVAR,FEM3,2023-2024,189,Zipcode-Removal
Zip code,54952,FDEWVAR,H,2023-2024,82,Zipcode-Removal
Zip code,54952,FDEWVAR,KIN2,2023-2024,17,Zipcode-Removal
Zip code,54952,FDEWVAR,MAL15,2023-2024,305,Zipcode-Removal
Zip code,54952,FDEWVAR,NOT3,2023-2024,76,Zipcode-Removal
Zip code,54952,FDEWVAR,NOT4,2023-2024,495,Zipcode-Removal
Zip code,54952,FDEWVAR,Q,2023-2024,72,Zipcode-Removal
Zip code,54952,FDEWVAR,SWD1,2023-2024,185,Zipcode-Removal
Zip code,54952,FDEWVAR,SWO1,2023-2024,310,Zipcode-Removal
Zip code,54952,FDEWVAR,UNK2,2023-2024,495,Zipcode-Removal
Zip code,54952,FDEWVAR,UNK3,2023-2024,1,Zipcode-Removal
Zip code,54952,FDEWVAR,UNK5,2023-2024,12,Zipcode-Removal
Zip code,54952,FDEWVAR,UNK7,2023-2024,1,Zipcode-Removal
Zip code,54952,FDEWVAR,W,2023-2024,233,Zipcode-Removal
Zip code,54952,FDEWVAR,X1012,2023-2024,37,Zipcode-Removal
Zip code,54952,FDEWVAR,X113,2023-2024,21,Zipcode-Removal
Zip code,54952,FDEWVAR,X1210,2023-2024,7,Zipcode-Removal
Zip code,54952,FDEWVAR,X1S2,2023-2024,44,Zipcode-Removal
Zip code,54952,FDEWVAR,X2N2,2023-2024,35,Zipcode-Removal
Zip code,54952,FDEWVAR,X3R2,2023-2024,23,Zipcode-Removal
Zip code,54952,FDEWVAR,X4T2,2023-2024,34,Zipcode-Removal
Zip code,54952,FDEWVAR,X5T3,2023-2024,22,Zipcode-Removal
Zip code,54952,FDEWVAR,X6T3,2023-2024,69,Zipcode-Removal
Zip code,54952,FDEWVAR,X7T2,2023-2024,54,Zipcode-Removal
Zip code,54952,FDEWVAR,X8T2,2023-2024,68,Zipcode-Removal
Zip code,54952,FDEWVAR,X9T3,2023-2024,64,Zipcode-Removal
Zip code,54956,FDEWVAR,,2023-2024,524,Zipcode-Removal
Zip code,54956,FDEWVAR,A,2023-2024,7,Zipcode-Removal
Zip code,54956,FDEWVAR,B,2023-2024,44,Zipcode-Removal
Zip code,54956,FDEWVAR,ECO1,2023-2024,402,Zipcode-Removal
Zip code,54956,FDEWVAR,EL1,2023-2024,27,Zipcode-Removal
Zip code,54956,FDEWVAR,ENG3,2023-2024,491,Zipcode-Removal
Zip code,54956,FDEWVAR,FEM3,2023-2024,148,Zipcode-Removal
Zip code,54956,FDEWVAR,H,2023-2024,77,Zipcode-Removal
Zip code,54956,FDEWVAR,KIN2,2023-2024,18,Zipcode-Removal
Zip code,54956,FDEWVAR,MAL15,2023-2024,376,Zipcode-Removal
Zip code,54956,FDEWVAR,NOT3,2023-2024,122,Zipcode-Removal
Zip code,54956,FDEWVAR,NOT4,2023-2024,524,Zipcode-Removal
Zip code,54956,FDEWVAR,Q,2023-2024,74,Zipcode-Removal
Zip code,54956,FDEWVAR,SWD1,2023-2024,238,Zipcode-Removal
Zip code,54956,FDEWVAR,SWO1,2023-2024,286,Zipcode-Removal
Zip code,54956,FDEWVAR,UNK2,2023-2024,524,Zipcode-Removal
Zip code,54956,FDEWVAR,UNK4,2023-2024,6,Zipcode-Removal
Zip code,54956,FDEWVAR,UNK5,2023-2024,8,Zipcode-Removal
Zip code,54956,FDEWVAR,W,2023-2024,314,Zipcode-Removal
Zip code,54956,FDEWVAR,X1012,2023-2024,78,Zipcode-Removal
Zip code,54956,FDEWVAR,X113,2023-2024,45,Zipcode-Removal
Zip code,54956,FDEWVAR,X1210,2023-2024,16,Zipcode-Removal
Zip code,54956,FDEWVAR,X1S2,2023-2024,17,Zipcode-Removal
Zip code,54956,FDEWVAR,X2N2,2023-2024,20,Zipcode-Removal
Zip code,54956,FDEWVAR,X3R2,2023-2024,12,Zipcode-Removal
Zip code,54956,FDEWVAR,X4T2,2023-2024,27,Zipcode-Removal
Zip code,54956,FDEWVAR,X5T3,2023-2024,49,Zipcode-Removal
Zip code,54956,FDEWVAR,X6T3,2023-2024,33,Zipcode-Removal
Zip code,54956,FDEWVAR,X7T2,2023-2024,83,Zipcode-Removal
Zip code,54956,FDEWVAR,X8T2,2023-2024,76,Zipcode-Removal
Zip code,54956,FDEWVAR,X9T3,2023-2024,50,Zipcode-Removal
Zip code,54963,FDEWVAR,,2023-2024,83,Zipcode-Removal
Zip code,54963,FDEWVAR,ECO1,2023-2024,38,Zipcode-Removal
Zip code,54963,FDEWVAR,ENG3,2023-2024,11,Zipcode-Removal
Zip code,54963,FDEWVAR,FEM3,2023-2024,23,Zipcode-Removal
Zip code,54963,FDEWVAR,H,2023-2024,3,Zipcode-Removal
Zip code,54963,FDEWVAR,KIN2,2023-2024,8,Zipcode-Removal
Zip code,54963,FDEWVAR,MAL15,2023-2024,60,Zipcode-Removal
Zip code,54963,FDEWVAR,NOT3,2023-2024,45,Zipcode-Removal
Zip code,54963,FDEWVAR,NOT4,2023-2024,83,Zipcode-Removal
Zip code,54963,FDEWVAR,Q,2023-2024,3,Zipcode-Removal
Zip code,54963,FDEWVAR,SWD1,2023-2024,43,Zipcode-Removal
Zip code,54963,FDEWVAR,SWO1,2023-2024,40,Zipcode-Removal
Zip code,54963,FDEWVAR,UNK2,2023-2024,83,Zipcode-Removal
Zip code,54963,FDEWVAR,UNK4,2023-2024,72,Zipcode-Removal
Zip code,54963,FDEWVAR,UNK5,2023-2024,6,Zipcode-Removal
Zip code,54963,FDEWVAR,W,2023-2024,71,Zipcode-Removal
Zip code,54963,FDEWVAR,X1012,2023-2024,5,Zipcode-Removal
Zip code,54963,FDEWVAR,X113,2023-2024,5,Zipcode-Removal
Zip code,54963,FDEWVAR,X1210,2023-2024,10,Zipcode-Removal
Zip code,54963,FDEWVAR,X1S2,2023-2024,12,Zipcode-Removal
Zip code,54963,FDEWVAR,X3R2,2023-2024,2,Zipcode-Removal
Zip code,54963,FDEWVAR,X5T3,2023-2024,9,Zipcode-Removal
Zip code,54963,FDEWVAR,X6T3,2023-2024,10,Zipcode-Removal
Zip code,54963,FDEWVAR,X7T2,2023-2024,8,Zipcode-Removal
Zip code,54963,FDEWVAR,X8T2,2023-2024,9,Zipcode-Removal
Zip code,54963,FDEWVAR,X9T3,2023-2024,5,Zipcode-Removal
Zip code,54986,FDEWVAR,,2023-2024,12,Zipcode-Removal
Zip code,54986,FDEWVAR,ECO1,2023-2024,10,Zipcode-Removal
Zip code,54986,FDEWVAR,FEM3,2023-2024,3,Zipcode-Removal
Zip code,54986,FDEWVAR,H,2023-2024,1,Zipcode-Removal
Zip code,54986,FDEWVAR,MAL15,2023-2024,9,Zipcode-Removal
Zip code,54986,FDEWVAR,NOT3,2023-2024,2,Zipcode-Removal
Zip code,54986,FDEWVAR,NOT4,2023-2024,12,Zipcode-Removal
Zip code,54986,FDEWVAR,SWD1,2023-2024,5,Zipcode-Removal
Zip code,54986,FDEWVAR,SWO1,2023-2024,7,Zipcode-Removal
Zip code,54986,FDEWVAR,UNK2,2023-2024,12,Zipcode-Removal
Zip code,54986,FDEWVAR,UNK4,2023-2024,12,Zipcode-Removal
Zip code,54986,FDEWVAR,W,2023-2024,11,Zipcode-Removal
Zip code,54986,FDEWVAR,X1012,2023-2024,4,Zipcode-Removal
Zip code,54986,FDEWVAR,X6T3,2023-2024,1,Zipcode-Removal
Zip code,54986,FDEWVAR,X7T2,2023-2024,1,Zipcode-Removal
Zip code,54986,FDEWVAR,X8T2,2023-2024,3,Zipcode-Removal
Zip code,54986,FDEWVAR,X9T3,2023-2024,3,Zipcode-Removal
City or town,5514475,FDEWVAR,,2023-2024,10,City-Removal
City or town,5514475,FDEWVAR,UNK2,2023-2024,10,City-Removal
City or town,5514475,FDEWVAR,SWD1,2023-2024,2,City-Removal
City or town,5514475,FDEWVAR,SWO1,2023-2024,8,City-Removal
City or town,5514475,FDEWVAR,EL1,2023-2024,2,City-Removal
City or town,5514475,FDEWVAR,ENG3,2023-2024,8,City-Removal
City or town,5514475,FDEWVAR,ECO1,2023-2024,8,City-Removal
City or town,5514475,FDEWVAR,NOT3,2023-2024,2,City-Removal
City or town,5514475,FDEWVAR,FEM3,2023-2024,3,City-Removal
City or town,5514475,FDEWVAR,MAL15,2023-2024,7,City-Removal
City or town,5514475,FDEWVAR,X7T2,2023-2024,2,City-Removal
City or town,5514475,FDEWVAR,X8T2,2023-2024,3,City-Removal
City or town,5514475,FDEWVAR,NOT4,2023-2024,10,City-Removal
City or town,5514475,FDEWVAR,H,2023-2024,2,City-Removal
City or town,5514475,FDEWVAR,W,2023-2024,7,City-Removal
City or town,5514475,FDEWVAR,X1012,2023-2024,4,City-Removal
City or town,5514475,FDEWVAR,X1210,2023-2024,1,City-Removal
City or town,5514475,FDEWVAR,UNK5,2023-2024,1,City-Removal
City or town,5502375,FDEWVAR,,2023-2024,882,City-Removal
City or town,5502375,FDEWVAR,UNK2,2023-2024,882,City-Removal
City or town,5502375,FDEWVAR,SWD1,2023-2024,445,City-Removal
City or town,5502375,FDEWVAR,SWO1,2023-2024,427,City-Removal
City or town,5502375,FDEWVAR,ENG3,2023-2024,803,City-Removal
City or town,5502375,FDEWVAR,ECO1,2023-2024,706,City-Removal
City or town,5502375,FDEWVAR,FEM3,2023-2024,277,City-Removal
City or town,5502375,FDEWVAR,MAL15,2023-2024,605,City-Removal
City or town,5502375,FDEWVAR,X1S2,2023-2024,32,City-Removal
City or town,5502375,FDEWVAR,X2N2,2023-2024,22,City-Removal
City or town,5502375,FDEWVAR,X3R2,2023-2024,14,City-Removal
City or town,5502375,FDEWVAR,X4T2,2023-2024,39,City-Removal
City or town,5502375,FDEWVAR,X5T3,2023-2024,48,City-Removal
City or town,5502375,FDEWVAR,NOT4,2023-2024,882,City-Removal
City or town,5502375,FDEWVAR,H,2023-2024,130,City-Removal
City or town,5502375,FDEWVAR,Q,2023-2024,147,City-Removal
City or town,5502375,FDEWVAR,W,2023-2024,408,City-Removal
City or town,5502375,FDEWVAR,UNK5,2023-2024,41,City-Removal
City or town,5502375,FDEWVAR,EL1,2023-2024,62,City-Removal
City or town,5502375,FDEWVAR,NOT3,2023-2024,176,City-Removal
City or town,5502375,FDEWVAR,X6T3,2023-2024,83,City-Removal
City or town,5502375,FDEWVAR,X7T2,2023-2024,110,City-Removal
City or town,5502375,FDEWVAR,KIN2,2023-2024,32,City-Removal
City or town,5502375,FDEWVAR,A,2023-2024,21,City-Removal
City or town,5502375,FDEWVAR,X8T2,2023-2024,161,City-Removal
City or town,5502375,FDEWVAR,UNK4,2023-2024,17,City-Removal
City or town,5502375,FDEWVAR,UNK8,2023-2024,2,City-Removal
City or town,5502375,FDEWVAR,K41,2023-2024,3,City-Removal
City or town,5502375,FDEWVAR,B,2023-2024,131,City-Removal
City or town,5502375,FDEWVAR,X1012,2023-2024,98,City-Removal
City or town,5502375,FDEWVAR,X113,2023-2024,68,City-Removal
City or town,5502375,FDEWVAR,X1210,2023-2024,46,City-Removal
City or town,5502375,FDEWVAR,X9T3,2023-2024,124,City-Removal
City or town,5502375,FDEWVAR,P,2023-2024,4,City-Removal
City or town,5502375,FDEWVAR,UNK6,2023-2024,10,City-Removal
City or town,5534575,FDEWVAR,,2023-2024,7,City-Removal
City or town,5534575,FDEWVAR,UNK2,2023-2024,7,City-Removal
City or town,5534575,FDEWVAR,SWO1,2023-2024,7,City-Removal
City or town,5534575,FDEWVAR,EL1,2023-2024,4,City-Removal
City or town,5534575,FDEWVAR,ENG3,2023-2024,3,City-Removal
City or town,5534575,FDEWVAR,ECO1,2023-2024,1,City-Removal
City or town,5534575,FDEWVAR,NOT3,2023-2024,6,City-Removal
City or town,5534575,FDEWVAR,MAL15,2023-2024,7,City-Removal
City or town,5534575,FDEWVAR,X5T3,2023-2024,1,City-Removal
City or town,5534575,FDEWVAR,X7T2,2023-2024,2,City-Removal
City or town,5534575,FDEWVAR,X8T2,2023-2024,3,City-Removal
City or town,5534575,FDEWVAR,NOT4,2023-2024,7,City-Removal
City or town,5534575,FDEWVAR,W,2023-2024,3,City-Removal
City or town,5534575,FDEWVAR,UNK5,2023-2024,4,City-Removal
City or town,5534575,FDEWVAR,X9T3,2023-2024,1,City-Removal
City or town,5535850,FDEWVAR,,2023-2024,95,City-Removal
City or town,5535850,FDEWVAR,UNK2,2023-2024,95,City-Removal
City or town,5535850,FDEWVAR,SWD1,2023-2024,30,City-Removal
City or town,5535850,FDEWVAR,SWO1,2023-2024,65,City-Removal
City or town,5535850,FDEWVAR,UNK4,2023-2024,75,City-Removal
City or town,5535850,FDEWVAR,ECO1,2023-2024,31,City-Removal
City or town,5535850,FDEWVAR,NOT3,2023-2024,64,City-Removal
City or town,5535850,FDEWVAR,FEM3,2023-2024,19,City-Removal
City or town,5535850,FDEWVAR,MAL15,2023-2024,76,City-Removal
City or town,5535850,FDEWVAR,X2N2,2023-2024,2,City-Removal
City or town,5535850,FDEWVAR,X3R2,2023-2024,6,City-Removal
City or town,5535850,FDEWVAR,X4T2,2023-2024,2,City-Removal
City or town,5535850,FDEWVAR,KIN2,2023-2024,1,City-Removal
City or town,5535850,FDEWVAR,UNK8,2023-2024,7,City-Removal
City or town,5535850,FDEWVAR,NOT4,2023-2024,95,City-Removal
City or town,5535850,FDEWVAR,B,2023-2024,2,City-Removal
City or town,5535850,FDEWVAR,W,2023-2024,89,City-Removal
City or town,5535850,FDEWVAR,X6T3,2023-2024,20,City-Removal
City or town,5535850,FDEWVAR,X7T2,2023-2024,12,City-Removal
City or town,5535850,FDEWVAR,X8T2,2023-2024,14,City-Removal
City or town,5535850,FDEWVAR,UNK5,2023-2024,3,City-Removal
City or town,5535850,FDEWVAR,X5T3,2023-2024,11,City-Removal
City or town,5535850,FDEWVAR,ENG3,2023-2024,20,City-Removal
City or town,5535850,FDEWVAR,X1012,2023-2024,9,City-Removal
City or town,5535850,FDEWVAR,X113,2023-2024,4,City-Removal
City or town,5535850,FDEWVAR,X1210,2023-2024,3,City-Removal
City or town,5535850,FDEWVAR,X9T3,2023-2024,4,City-Removal
City or town,5535850,FDEWVAR,Q,2023-2024,1,City-Removal
City or town,5538800,FDEWVAR,,2023-2024,341,City-Removal
City or town,5538800,FDEWVAR,UNK2,2023-2024,341,City-Removal
City or town,5538800,FDEWVAR,SWD1,2023-2024,198,City-Removal
City or town,5538800,FDEWVAR,SWO1,2023-2024,143,City-Removal
City or town,5538800,FDEWVAR,EL1,2023-2024,19,City-Removal
City or town,5538800,FDEWVAR,ENG3,2023-2024,272,City-Removal
City or town,5538800,FDEWVAR,ECO1,2023-2024,170,City-Removal
City or town,5538800,FDEWVAR,NOT3,2023-2024,171,City-Removal
City or town,5538800,FDEWVAR,FEM3,2023-2024,45,City-Removal
City or town,5538800,FDEWVAR,MAL15,2023-2024,267,City-Removal
City or town,5538800,FDEWVAR,X2N2,2023-2024,14,City-Removal
City or town,5538800,FDEWVAR,X3R2,2023-2024,49,City-Removal
City or town,5538800,FDEWVAR,X4T2,2023-2024,12,City-Removal
City or town,5538800,FDEWVAR,NOT4,2023-2024,341,City-Removal
City or town,5538800,FDEWVAR,H,2023-2024,39,City-Removal
City or town,5538800,FDEWVAR,Q,2023-2024,34,City-Removal
City or town,5538800,FDEWVAR,W,2023-2024,232,City-Removal
City or town,5538800,FDEWVAR,UNK5,2023-2024,32,City-Removal
City or town,5538800,FDEWVAR,UNK4,2023-2024,50,City-Removal
City or town,5538800,FDEWVAR,K41,2023-2024,1,City-Removal
City or town,5538800,FDEWVAR,X1S2,2023-2024,27,City-Removal
City or town,5538800,FDEWVAR,A,2023-2024,4,City-Removal
City or town,5538800,FDEWVAR,UNK7,2023-2024,29,City-Removal
City or town,5538800,FDEWVAR,X5T3,2023-2024,30,City-Removal
City or town,5538800,FDEWVAR,X6T3,2023-2024,32,City-Removal
City or town,5538800,FDEWVAR,X7T2,2023-2024,39,City-Removal
City or town,5538800,FDEWVAR,X8T2,2023-2024,33,City-Removal
City or town,5538800,FDEWVAR,X1012,2023-2024,22,City-Removal
City or town,5538800,FDEWVAR,X113,2023-2024,15,City-Removal
City or town,5538800,FDEWVAR,X1210,2023-2024,5,City-Removal
City or town,5538800,FDEWVAR,X9T3,2023-2024,29,City-Removal
City or town,5538800,FDEWVAR,KIN2,2023-2024,33,City-Removal
City or town,5539650,FDEWVAR,,2023-2024,167,City-Removal
City or town,5539650,FDEWVAR,UNK2,2023-2024,167,City-Removal
City or town,5539650,FDEWVAR,SWD1,2023-2024,82,City-Removal
City or town,5539650,FDEWVAR,SWO1,2023-2024,85,City-Removal
City or town,5539650,FDEWVAR,ENG3,2023-2024,158,City-Removal
City or town,5539650,FDEWVAR,ECO1,2023-2024,70,City-Removal
City or town,5539650,FDEWVAR,NOT3,2023-2024,97,City-Removal
City or town,5539650,FDEWVAR,FEM3,2023-2024,23,City-Removal
City or town,5539650,FDEWVAR,MAL15,2023-2024,130,City-Removal
City or town,5539650,FDEWVAR,X2N2,2023-2024,3,City-Removal
City or town,5539650,FDEWVAR,X3R2,2023-2024,2,City-Removal
City or town,5539650,FDEWVAR,X4T2,2023-2024,6,City-Removal
City or town,5539650,FDEWVAR,KIN2,2023-2024,1,City-Removal
City or town,5539650,FDEWVAR,NOT4,2023-2024,167,City-Removal
City or town,5539650,FDEWVAR,H,2023-2024,18,City-Removal
City or town,5539650,FDEWVAR,W,2023-2024,131,City-Removal
City or town,5539650,FDEWVAR,X5T3,2023-2024,6,City-Removal
City or town,5539650,FDEWVAR,X6T3,2023-2024,4,City-Removal
City or town,5516500,FDEWVAR,,2023-2024,3,City-Removal
City or town,5516500,FDEWVAR,UNK2,2023-2024,3,City-Removal
City or town,5516500,FDEWVAR,SWD1,2023-2024,3,City-Removal
City or town,5516500,FDEWVAR,ENG3,2023-2024,3,City-Removal
City or town,5516500,FDEWVAR,ECO1,2023-2024,3,City-Removal
City or town,5516500,FDEWVAR,UNK7,2023-2024,3,City-Removal
City or town,5516500,FDEWVAR,X1S2,2023-2024,2,City-Removal
City or town,5516500,FDEWVAR,X2N2,2023-2024,1,City-Removal
City or town,5516500,FDEWVAR,NOT4,2023-2024,3,City-Removal
City or town,5516500,FDEWVAR,Q,2023-2024,1,City-Removal
City or town,5516500,FDEWVAR,W,2023-2024,2,City-Removal
City or town,5539650,FDEWVAR,EL1,2023-2024,9,City-Removal
City or town,5539650,FDEWVAR,X7T2,2023-2024,23,City-Removal
City or town,5539650,FDEWVAR,X8T2,2023-2024,36,City-Removal
City or town,5539650,FDEWVAR,A,2023-2024,6,City-Removal
City or town,5539650,FDEWVAR,Q,2023-2024,8,City-Removal
City or town,5539650,FDEWVAR,UNK5,2023-2024,4,City-Removal
City or town,5539650,FDEWVAR,UNK7,2023-2024,14,City-Removal
City or town,5539650,FDEWVAR,X1012,2023-2024,19,City-Removal
City or town,5539650,FDEWVAR,X113,2023-2024,18,City-Removal
City or town,5539650,FDEWVAR,X1210,2023-2024,13,City-Removal
City or town,5539650,FDEWVAR,X9T3,2023-2024,36,City-Removal
City or town,5544950,FDEWVAR,,2023-2024,73,City-Removal
City or town,5544950,FDEWVAR,UNK2,2023-2024,73,City-Removal
City or town,5544950,FDEWVAR,SWD1,2023-2024,33,City-Removal
City or town,5544950,FDEWVAR,SWO1,2023-2024,40,City-Removal
City or town,5544950,FDEWVAR,UNK4,2023-2024,16,City-Removal
City or town,5544950,FDEWVAR,ECO1,2023-2024,38,City-Removal
City or town,5544950,FDEWVAR,NOT3,2023-2024,35,City-Removal
City or town,5544950,FDEWVAR,MAL15,2023-2024,60,City-Removal
City or town,5544950,FDEWVAR,X5T3,2023-2024,4,City-Removal
City or town,5544950,FDEWVAR,X6T3,2023-2024,12,City-Removal
City or town,5544950,FDEWVAR,NOT4,2023-2024,73,City-Removal
City or town,5544950,FDEWVAR,W,2023-2024,53,City-Removal
City or town,5544950,FDEWVAR,ENG3,2023-2024,54,City-Removal
City or town,5544950,FDEWVAR,FEM3,2023-2024,8,City-Removal
City or town,5544950,FDEWVAR,X1S2,2023-2024,3,City-Removal
City or town,5544950,FDEWVAR,X2N2,2023-2024,2,City-Removal
City or town,5544950,FDEWVAR,X3R2,2023-2024,3,City-Removal
City or town,5544950,FDEWVAR,X4T2,2023-2024,1,City-Removal
City or town,5544950,FDEWVAR,KIN2,2023-2024,1,City-Removal
City or town,5544950,FDEWVAR,B,2023-2024,4,City-Removal
City or town,5544950,FDEWVAR,H,2023-2024,7,City-Removal
City or town,5544950,FDEWVAR,Q,2023-2024,7,City-Removal
City or town,5544950,FDEWVAR,EL1,2023-2024,3,City-Removal
City or town,5544950,FDEWVAR,UNK7,2023-2024,5,City-Removal
City or town,5544950,FDEWVAR,X1012,2023-2024,6,City-Removal
City or town,5544950,FDEWVAR,X113,2023-2024,6,City-Removal
City or town,5544950,FDEWVAR,X1210,2023-2024,1,City-Removal
City or town,5544950,FDEWVAR,X9T3,2023-2024,8,City-Removal
City or town,5544950,FDEWVAR,UNK5,2023-2024,2,City-Removal
City or town,5544950,FDEWVAR,X7T2,2023-2024,15,City-Removal
City or town,5544950,FDEWVAR,X8T2,2023-2024,11,City-Removal
City or town,5550825,FDEWVAR,,2023-2024,495,City-Removal
City or town,5550825,FDEWVAR,UNK2,2023-2024,495,City-Removal
City or town,5550825,FDEWVAR,SWD1,2023-2024,185,City-Removal
City or town,5550825,FDEWVAR,SWO1,2023-2024,310,City-Removal
City or town,5550825,FDEWVAR,EL1,2023-2024,28,City-Removal
City or town,5550825,FDEWVAR,ENG3,2023-2024,467,City-Removal
City or town,5550825,FDEWVAR,ECO1,2023-2024,418,City-Removal
City or town,5550825,FDEWVAR,NOT3,2023-2024,76,City-Removal
City or town,5550825,FDEWVAR,FEM3,2023-2024,189,City-Removal
City or town,5550825,FDEWVAR,MAL15,2023-2024,305,City-Removal
City or town,5550825,FDEWVAR,X1012,2023-2024,37,City-Removal
City or town,5550825,FDEWVAR,X113,2023-2024,21,City-Removal
City or town,5550825,FDEWVAR,X1210,2023-2024,7,City-Removal
City or town,5550825,FDEWVAR,X9T3,2023-2024,64,City-Removal
City or town,5550825,FDEWVAR,NOT4,2023-2024,495,City-Removal
City or town,5550825,FDEWVAR,B,2023-2024,94,City-Removal
City or town,5550825,FDEWVAR,H,2023-2024,82,City-Removal
City or town,5550825,FDEWVAR,Q,2023-2024,72,City-Removal
City or town,5550825,FDEWVAR,W,2023-2024,233,City-Removal
City or town,5550825,FDEWVAR,UNK5,2023-2024,12,City-Removal
City or town,5550825,FDEWVAR,X1S2,2023-2024,44,City-Removal
City or town,5550825,FDEWVAR,X2N2,2023-2024,35,City-Removal
City or town,5550825,FDEWVAR,X3R2,2023-2024,23,City-Removal
City or town,5550825,FDEWVAR,X4T2,2023-2024,34,City-Removal
City or town,5550825,FDEWVAR,X5T3,2023-2024,22,City-Removal
City or town,5550825,FDEWVAR,KIN2,2023-2024,17,City-Removal
City or town,5550825,FDEWVAR,UNK3,2023-2024,1,City-Removal
City or town,5550825,FDEWVAR,UNK7,2023-2024,1,City-Removal
City or town,5550825,FDEWVAR,X6T3,2023-2024,69,City-Removal
City or town,5550825,FDEWVAR,X7T2,2023-2024,54,City-Removal
City or town,5550825,FDEWVAR,X8T2,2023-2024,68,City-Removal
City or town,5550825,FDEWVAR,A,2023-2024,2,City-Removal
City or town,5555750,FDEWVAR,,2023-2024,524,City-Removal
City or town,5555750,FDEWVAR,UNK2,2023-2024,524,City-Removal
City or town,5555750,FDEWVAR,SWD1,2023-2024,238,City-Removal
City or town,5555750,FDEWVAR,SWO1,2023-2024,286,City-Removal
City or town,5555750,FDEWVAR,ENG3,2023-2024,491,City-Removal
City or town,5555750,FDEWVAR,ECO1,2023-2024,402,City-Removal
City or town,5555750,FDEWVAR,NOT3,2023-2024,122,City-Removal
City or town,5555750,FDEWVAR,MAL15,2023-2024,376,City-Removal
City or town,5555750,FDEWVAR,X1S2,2023-2024,17,City-Removal
City or town,5555750,FDEWVAR,X2N2,2023-2024,20,City-Removal
City or town,5555750,FDEWVAR,KIN2,2023-2024,18,City-Removal
City or town,5555750,FDEWVAR,NOT4,2023-2024,524,City-Removal
City or town,5555750,FDEWVAR,Q,2023-2024,74,City-Removal
City or town,5555750,FDEWVAR,W,2023-2024,314,City-Removal
City or town,5555750,FDEWVAR,EL1,2023-2024,27,City-Removal
City or town,5555750,FDEWVAR,FEM3,2023-2024,148,City-Removal
City or town,5555750,FDEWVAR,X3R2,2023-2024,12,City-Removal
City or town,5555750,FDEWVAR,X4T2,2023-2024,27,City-Removal
City or town,5555750,FDEWVAR,H,2023-2024,77,City-Removal
City or town,5555750,FDEWVAR,UNK5,2023-2024,8,City-Removal
City or town,5555750,FDEWVAR,UNK4,2023-2024,6,City-Removal
City or town,5555750,FDEWVAR,X1012,2023-2024,78,City-Removal
City or town,5555750,FDEWVAR,X113,2023-2024,45,City-Removal
City or town,5555750,FDEWVAR,X1210,2023-2024,16,City-Removal
City or town,5555750,FDEWVAR,X9T3,2023-2024,50,City-Removal
City or town,5555750,FDEWVAR,A,2023-2024,7,City-Removal
City or town,5555750,FDEWVAR,B,2023-2024,44,City-Removal
City or town,5555750,FDEWVAR,X5T3,2023-2024,49,City-Removal
City or town,5555750,FDEWVAR,X6T3,2023-2024,33,City-Removal
City or town,5555750,FDEWVAR,X7T2,2023-2024,83,City-Removal
City or town,5555750,FDEWVAR,X8T2,2023-2024,76,City-Removal
City or town,5556800,FDEWVAR,,2023-2024,15,City-Removal
City or town,5556800,FDEWVAR,UNK2,2023-2024,15,City-Removal
City or town,5556800,FDEWVAR,SWD1,2023-2024,5,City-Removal
City or town,5556800,FDEWVAR,SWO1,2023-2024,10,City-Removal
City or town,5556800,FDEWVAR,ENG3,2023-2024,13,City-Removal
City or town,5556800,FDEWVAR,ECO1,2023-2024,11,City-Removal
City or town,5556800,FDEWVAR,NOT3,2023-2024,4,City-Removal
City or town,5556800,FDEWVAR,MAL15,2023-2024,12,City-Removal
City or town,5556800,FDEWVAR,X8T2,2023-2024,2,City-Removal
City or town,5556800,FDEWVAR,NOT4,2023-2024,15,City-Removal
City or town,5556800,FDEWVAR,W,2023-2024,11,City-Removal
City or town,5556800,FDEWVAR,X2N2,2023-2024,1,City-Removal
City or town,5556800,FDEWVAR,X4T2,2023-2024,1,City-Removal
City or town,5556800,FDEWVAR,Q,2023-2024,1,City-Removal
City or town,5556800,FDEWVAR,EL1,2023-2024,2,City-Removal
City or town,5556800,FDEWVAR,FEM3,2023-2024,3,City-Removal
City or town,5556800,FDEWVAR,X1012,2023-2024,3,City-Removal
City or town,5556800,FDEWVAR,X113,2023-2024,3,City-Removal
City or town,5556800,FDEWVAR,X1210,2023-2024,1,City-Removal
City or town,5556800,FDEWVAR,X9T3,2023-2024,4,City-Removal
City or town,5556800,FDEWVAR,H,2023-2024,2,City-Removal
City or town,5556800,FDEWVAR,UNK5,2023-2024,1,City-Removal
City or town,5559875,FDEWVAR,,2023-2024,83,City-Removal
City or town,5559875,FDEWVAR,UNK2,2023-2024,83,City-Removal
City or town,5559875,FDEWVAR,SWD1,2023-2024,43,City-Removal
City or town,5559875,FDEWVAR,ENG3,2023-2024,11,City-Removal
City or town,5559875,FDEWVAR,ECO1,2023-2024,38,City-Removal
City or town,5559875,FDEWVAR,NOT3,2023-2024,45,City-Removal
City or town,5559875,FDEWVAR,FEM3,2023-2024,23,City-Removal
City or town,5559875,FDEWVAR,MAL15,2023-2024,60,City-Removal
City or town,5559875,FDEWVAR,X3R2,2023-2024,2,City-Removal
City or town,5559875,FDEWVAR,X5T3,2023-2024,9,City-Removal
City or town,5559875,FDEWVAR,NOT4,2023-2024,83,City-Removal
City or town,5559875,FDEWVAR,H,2023-2024,3,City-Removal
City or town,5559875,FDEWVAR,W,2023-2024,71,City-Removal
City or town,5559875,FDEWVAR,SWO1,2023-2024,40,City-Removal
City or town,5559875,FDEWVAR,UNK4,2023-2024,72,City-Removal
City or town,5559875,FDEWVAR,X1S2,2023-2024,12,City-Removal
City or town,5559875,FDEWVAR,KIN2,2023-2024,8,City-Removal
City or town,5559875,FDEWVAR,Q,2023-2024,3,City-Removal
City or town,5559875,FDEWVAR,UNK5,2023-2024,6,City-Removal
City or town,5559875,FDEWVAR,X1012,2023-2024,5,City-Removal
City or town,5559875,FDEWVAR,X113,2023-2024,5,City-Removal
City or town,5559875,FDEWVAR,X1210,2023-2024,10,City-Removal
City or town,5559875,FDEWVAR,X9T3,2023-2024,5,City-Removal
City or town,5559875,FDEWVAR,X6T3,2023-2024,10,City-Removal
City or town,5559875,FDEWVAR,X7T2,2023-2024,8,City-Removal
City or town,5559875,FDEWVAR,X8T2,2023-2024,9,City-Removal
City or town,5560500,FDEWVAR,,2023-2024,1246,City-Removal
City or town,5560500,FDEWVAR,UNK2,2023-2024,1246,City-Removal
City or town,5560500,FDEWVAR,SWD1,2023-2024,503,City-Removal
City or town,5560500,FDEWVAR,SWO1,2023-2024,743,City-Removal
City or town,5560500,FDEWVAR,ENG3,2023-2024,1183,City-Removal
City or town,5560500,FDEWVAR,ECO1,2023-2024,998,City-Removal
City or town,5560500,FDEWVAR,NOT3,2023-2024,248,City-Removal
City or town,5560500,FDEWVAR,FEM3,2023-2024,423,City-Removal
City or town,5560500,FDEWVAR,MAL15,2023-2024,684,City-Removal
City or town,5560500,FDEWVAR,X1S2,2023-2024,71,City-Removal
City or town,5560500,FDEWVAR,X2N2,2023-2024,62,City-Removal
City or town,5560500,FDEWVAR,X3R2,2023-2024,44,City-Removal
City or town,5560500,FDEWVAR,X4T2,2023-2024,65,City-Removal
City or town,5560500,FDEWVAR,X5T3,2023-2024,57,City-Removal
City or town,5560500,FDEWVAR,NOT4,2023-2024,1246,City-Removal
City or town,5560500,FDEWVAR,W,2023-2024,600,City-Removal
City or town,5560500,FDEWVAR,Q,2023-2024,203,City-Removal
City or town,5560500,FDEWVAR,UNK5,2023-2024,61,City-Removal
City or town,5560500,FDEWVAR,KIN2,2023-2024,42,City-Removal
City or town,5560500,FDEWVAR,B,2023-2024,255,City-Removal
City or town,5560500,FDEWVAR,H,2023-2024,112,City-Removal
City or town,5560500,FDEWVAR,EL1,2023-2024,26,City-Removal
City or town,5560500,FDEWVAR,X6T3,2023-2024,125,City-Removal
City or town,5560500,FDEWVAR,X7T2,2023-2024,158,City-Removal
City or town,5560500,FDEWVAR,X8T2,2023-2024,193,City-Removal
City or town,5560500,FDEWVAR,A,2023-2024,14,City-Removal
City or town,5560500,FDEWVAR,X1012,2023-2024,130,City-Removal
City or town,5560500,FDEWVAR,X113,2023-2024,97,City-Removal
City or town,5560500,FDEWVAR,X1210,2023-2024,63,City-Removal
City or town,5560500,FDEWVAR,X9T3,2023-2024,139,City-Removal
City or town,5560500,FDEWVAR,P,2023-2024,1,City-Removal
City or town,5560500,FDEWVAR,UNK7,2023-2024,139,City-Removal
City or town,5560500,FDEWVAR,UNK4,2023-2024,37,City-Removal
City or town,5572725,FDEWVAR,,2023-2024,113,City-Removal
City or town,5572725,FDEWVAR,UNK2,2023-2024,113,City-Removal
City or town,5572725,FDEWVAR,SWD1,2023-2024,56,City-Removal
City or town,5572725,FDEWVAR,SWO1,2023-2024,57,City-Removal
City or town,5572725,FDEWVAR,UNK4,2023-2024,113,City-Removal
City or town,5572725,FDEWVAR,ECO1,2023-2024,88,City-Removal
City or town,5572725,FDEWVAR,NOT3,2023-2024,25,City-Removal
City or town,5572725,FDEWVAR,FEM3,2023-2024,19,City-Removal
City or town,5572725,FDEWVAR,MAL15,2023-2024,94,City-Removal
City or town,5572725,FDEWVAR,X1012,2023-2024,15,City-Removal
City or town,5572725,FDEWVAR,X113,2023-2024,10,City-Removal
City or town,5572725,FDEWVAR,X1210,2023-2024,2,City-Removal
City or town,5572725,FDEWVAR,X9T3,2023-2024,8,City-Removal
City or town,5572725,FDEWVAR,NOT4,2023-2024,113,City-Removal
City or town,5572725,FDEWVAR,P,2023-2024,24,City-Removal
City or town,5572725,FDEWVAR,H,2023-2024,16,City-Removal
City or town,5572725,FDEWVAR,Q,2023-2024,8,City-Removal
City or town,5572725,FDEWVAR,W,2023-2024,60,City-Removal
City or town,5507725,FDEWVAR,,2023-2024,2,City-Removal
City or town,5507725,FDEWVAR,UNK2,2023-2024,2,City-Removal
City or town,5507725,FDEWVAR,SWD1,2023-2024,2,City-Removal
City or town,5507725,FDEWVAR,UNK4,2023-2024,2,City-Removal
City or town,5507725,FDEWVAR,NOT3,2023-2024,2,City-Removal
City or town,5507725,FDEWVAR,MAL15,2023-2024,2,City-Removal
City or town,5507725,FDEWVAR,X6T3,2023-2024,2,City-Removal
City or town,5507725,FDEWVAR,NOT4,2023-2024,2,City-Removal
City or town,5507725,FDEWVAR,W,2023-2024,2,City-Removal
City or town,5572725,FDEWVAR,X1S2,2023-2024,1,City-Removal
City or town,5572725,FDEWVAR,X2N2,2023-2024,5,City-Removal
City or town,5572725,FDEWVAR,X3R2,2023-2024,4,City-Removal
City or town,5572725,FDEWVAR,X4T2,2023-2024,3,City-Removal
City or town,5572725,FDEWVAR,X5T3,2023-2024,13,City-Removal
City or town,5572725,FDEWVAR,KIN2,2023-2024,1,City-Removal
City or town,5572725,FDEWVAR,UNK5,2023-2024,5,City-Removal
City or town,5572725,FDEWVAR,X6T3,2023-2024,13,City-Removal
City or town,5572725,FDEWVAR,X7T2,2023-2024,27,City-Removal
City or town,5572725,FDEWVAR,X8T2,2023-2024,11,City-Removal
City or town,5573625,FDEWVAR,,2023-2024,22,City-Removal
City or town,5573625,FDEWVAR,UNK2,2023-2024,22,City-Removal
City or town,5573625,FDEWVAR,SWD1,2023-2024,8,City-Removal
City or town,5573625,FDEWVAR,SWO1,2023-2024,14,City-Removal
City or town,5573625,FDEWVAR,ENG3,2023-2024,22,City-Removal
City or town,5573625,FDEWVAR,ECO1,2023-2024,9,City-Removal
City or town,5573625,FDEWVAR,NOT3,2023-2024,13,City-Removal
City or town,5573625,FDEWVAR,FEM3,2023-2024,9,City-Removal
City or town,5573625,FDEWVAR,MAL15,2023-2024,13,City-Removal
City or town,5573625,FDEWVAR,X2N2,2023-2024,2,City-Removal
City or town,5573625,FDEWVAR,X3R2,2023-2024,4,City-Removal
City or town,5573625,FDEWVAR,X8T2,2023-2024,1,City-Removal
City or town,5573625,FDEWVAR,K41,2023-2024,1,City-Removal
City or town,5573625,FDEWVAR,UNK8,2023-2024,3,City-Removal
City or town,5573625,FDEWVAR,NOT4,2023-2024,22,City-Removal
City or town,5573625,FDEWVAR,W,2023-2024,19,City-Removal
City or town,5573625,FDEWVAR,UNK5,2023-2024,3,City-Removal
City or town,5573625,FDEWVAR,X1012,2023-2024,1,City-Removal
City or town,5573625,FDEWVAR,X113,2023-2024,9,City-Removal
City or town,5573625,FDEWVAR,X9T3,2023-2024,1,City-Removal
City or town,5577400,FDEWVAR,,2023-2024,2,City-Removal
City or town,5577400,FDEWVAR,UNK2,2023-2024,2,City-Removal
City or town,5577400,FDEWVAR,SWO1,2023-2024,2,City-Removal
City or town,5577400,FDEWVAR,ENG3,2023-2024,1,City-Removal
City or town,5577400,FDEWVAR,NOT3,2023-2024,1,City-Removal
City or town,5577400,FDEWVAR,MAL15,2023-2024,1,City-Removal
City or town,5577400,FDEWVAR,X3R2,2023-2024,1,City-Removal
City or town,5577400,FDEWVAR,NOT4,2023-2024,2,City-Removal
City or town,5577400,FDEWVAR,W,2023-2024,1,City-Removal
City or town,5577400,FDEWVAR,UNK4,2023-2024,1,City-Removal
City or town,5577400,FDEWVAR,ECO1,2023-2024,1,City-Removal
City or town,5577400,FDEWVAR,FEM3,2023-2024,1,City-Removal
City or town,5577400,FDEWVAR,X113,2023-2024,1,City-Removal
City or town,5577400,FDEWVAR,UNK5,2023-2024,1,City-Removal
City or town,5509725,FDEWVAR,,2023-2024,21,City-Removal
City or town,5509725,FDEWVAR,UNK2,2023-2024,21,City-Removal
City or town,5509725,FDEWVAR,SWD1,2023-2024,12,City-Removal
City or town,5509725,FDEWVAR,ENG3,2023-2024,20,City-Removal
City or town,5509725,FDEWVAR,ECO1,2023-2024,16,City-Removal
City or town,5509725,FDEWVAR,MAL15,2023-2024,18,City-Removal
City or town,5509725,FDEWVAR,X2N2,2023-2024,3,City-Removal
City or town,5509725,FDEWVAR,NOT4,2023-2024,21,City-Removal
City or town,5509725,FDEWVAR,UNK5,2023-2024,3,City-Removal
City or town,5509725,FDEWVAR,SWO1,2023-2024,9,City-Removal
City or town,5509725,FDEWVAR,NOT3,2023-2024,5,City-Removal
City or town,5509725,FDEWVAR,FEM3,2023-2024,3,City-Removal
City or town,5509725,FDEWVAR,X6T3,2023-2024,4,City-Removal
City or town,5509725,FDEWVAR,X7T2,2023-2024,1,City-Removal
City or town,5509725,FDEWVAR,W,2023-2024,14,City-Removal
City or town,5509725,FDEWVAR,EL1,2023-2024,1,City-Removal
City or town,5509725,FDEWVAR,X1012,2023-2024,3,City-Removal
City or town,5509725,FDEWVAR,X113,2023-2024,5,City-Removal
City or town,5509725,FDEWVAR,X9T3,2023-2024,5,City-Removal
City or town,5509725,FDEWVAR,H,2023-2024,3,City-Removal
City or town,5509725,FDEWVAR,Q,2023-2024,1,City-Removal
City or town,5587900,FDEWVAR,,2023-2024,12,City-Removal
City or town,5587900,FDEWVAR,UNK2,2023-2024,12,City-Removal
City or town,5587900,FDEWVAR,SWD1,2023-2024,5,City-Removal
City or town,5587900,FDEWVAR,SWO1,2023-2024,7,City-Removal
City or town,5587900,FDEWVAR,UNK4,2023-2024,12,City-Removal
City or town,5587900,FDEWVAR,ECO1,2023-2024,10,City-Removal
City or town,5587900,FDEWVAR,NOT3,2023-2024,2,City-Removal
City or town,5587900,FDEWVAR,MAL15,2023-2024,9,City-Removal
City or town,5587900,FDEWVAR,X1012,2023-2024,4,City-Removal
City or town,5587900,FDEWVAR,X9T3,2023-2024,3,City-Removal
City or town,5587900,FDEWVAR,NOT4,2023-2024,12,City-Removal
City or town,5587900,FDEWVAR,H,2023-2024,1,City-Removal
City or town,5587900,FDEWVAR,W,2023-2024,11,City-Removal
City or town,5587900,FDEWVAR,FEM3,2023-2024,3,City-Removal
City or town,5587900,FDEWVAR,X6T3,2023-2024,1,City-Removal
City or town,5587900,FDEWVAR,X7T2,2023-2024,1,City-Removal
City or town,5587900,FDEWVAR,X8T2,2023-2024,3,City-Removal
